"species","group","order","family","iucn_status","range_cells","max_single_variable_fraction","variable","exposed_cells_that_variable"
"Ablepharus mahabharatus","Reptiles","Squamata","Scincidae","Not assessed",1,1,"Temperature: annual upper extreme",1
"Ablepharus nepalensis","Reptiles","Squamata","Scincidae","Not assessed",1,1,"Temperature: annual upper extreme",1
"Ablepharus tragbulensis","Reptiles","Squamata","Scincidae","Not assessed",1,1,"Temperature: seasonal max upper extreme",1
"Abrocoma uspallata","Mammals","Rodentia","Abrocomidae","Data Deficient",1,1,"Temperature: seasonal max upper extreme",1
"Abronia campbelli","Reptiles","Squamata","Anguidae","Critically Endangered",1,1,"Temperature: annual upper extreme",1
"Abronia meledona","Reptiles","Squamata","Anguidae","Endangered",1,1,"Temperature: annual upper extreme",1
"Acanthosaura bintangensis","Reptiles","Squamata","Agamidae","Data Deficient",1,1,"Precipitation: seasonal max upper extreme",1
"Achalinus ningshanensis","Reptiles","Squamata","Xenodermidae","Not assessed",1,1,"Temperature: annual upper extreme",1
"Acontias albigularis","Reptiles","Squamata","Scincidae","Data Deficient",1,1,"Temperature: annual upper extreme",1
"Acutotyphlops banaorum","Reptiles","Squamata","Typhlopidae","Data Deficient",1,1,"Precipitation: annual upper extreme",1
"Aepypodius bruijnii","Birds","Galliformes","Megapodiidae","Endangered",2,1,"Precipitation: annual upper extreme",2
"Afrixalus schneideri","Amphibians","Anura","Hyperoliidae","Data Deficient",1,1,"Precipitation: annual upper extreme",1
"Afroedura granitica","Reptiles","Squamata","Gekkonidae","Least Concern",1,1,"Temperature: annual upper extreme",1
"Afroedura rondavelica","Reptiles","Squamata","Gekkonidae","Data Deficient",1,1,"Temperature: annual upper extreme",1
"Afroedura tirasensis","Reptiles","Squamata","Gekkonidae","Least Concern",2,1,"Temperature: seasonal max upper extreme",2
"Afroedura waterbergensis","Reptiles","Squamata","Gekkonidae","Least Concern",2,1,"Precipitation: seasonal max upper extreme",2
"Allenia fusca","Birds","Passeriformes","Mimidae","Least Concern",1,1,"Temperature: seasonal max upper extreme",1
"Allobates chalcopis","Amphibians","Anura","Aromobatidae","Critically Endangered",1,1,"Temperature: seasonal max upper extreme",1
"Allobates juami","Amphibians","Anura","Aromobatidae","Least Concern",1,1,"Temperature: seasonal max upper extreme",1
"Allobates wayuu","Amphibians","Anura","Aromobatidae","Least Concern",1,1,"Temperature: annual upper extreme",1
"Alsodes cantillanensis","Amphibians","Anura","Alsodidae","Critically Endangered",1,1,"Precipitation: seasonal min lower extreme",1
"Alsophylax ferganensis","Reptiles","Squamata","Gekkonidae","Not assessed",1,1,"Temperature: annual upper extreme",1
"Amazona vittata","Birds","Psittaciformes","Psittacidae","Critically Endangered",1,1,"Temperature: annual upper extreme",1
"Ambystoma amblycephalum","Amphibians","Caudata","Ambystomatidae","Critically Endangered",1,1,"Precipitation: seasonal max upper extreme",1
"Ameivula nigrigula","Reptiles","Squamata","Teiidae","Data Deficient",1,1,"Temperature: annual upper extreme",1
"Amolops chayuensis","Amphibians","Anura","Ranidae","Data Deficient",1,1,"Temperature: annual upper extreme",1
"Amolops kohimaensis","Amphibians","Anura","Ranidae","Data Deficient",1,1,"Temperature: annual upper extreme",1
"Amolops nepalicus","Amphibians","Anura","Ranidae","Data Deficient",1,1,"Temperature: annual upper extreme",1
"Amolops nidorbellus","Amphibians","Anura","Ranidae","Data Deficient",1,1,"Temperature: annual upper extreme",1
"Amphisbaena carlgansi","Reptiles","Squamata","Amphisbaenidae","Near Threatened",1,1,"Temperature: annual upper extreme",1
"Amphisbaena hyporissor","Reptiles","Squamata","Amphisbaenidae","Endangered",2,1,"Temperature: annual upper extreme",2
"Amphisbaena myersi","Reptiles","Squamata","Amphisbaenidae","Data Deficient",2,1,"Precipitation: seasonal max upper extreme",2
"Amphisbaena stejnegeri","Reptiles","Squamata","Amphisbaenidae","Data Deficient",1,1,"Temperature: annual upper extreme",1
"Anadia pariaensis","Reptiles","Squamata","Gymnophthalmidae","Endangered",1,1,"Temperature: annual upper extreme",1
"Anaxyrus williamsi","Amphibians","Anura","Bufonidae","Critically Endangered",1,1,"Temperature: annual upper extreme",1
"Anilany helenae","Amphibians","Anura","Microhylidae","Critically Endangered",1,1,"Temperature: annual upper extreme",1
"Anilios fossor","Reptiles","Squamata","Typhlopidae","Least Concern",1,1,"Temperature: seasonal max upper extreme",1
"Anilios splendidus","Reptiles","Squamata","Typhlopidae","Data Deficient",1,1,"Temperature: annual upper extreme",1
"Anilios yampiensis","Reptiles","Squamata","Typhlopidae","Data Deficient",1,1,"Temperature: seasonal max upper extreme",1
"Anodonthyla emilei","Amphibians","Anura","Microhylidae","Endangered",3,1,"Precipitation: annual lower extreme",3
"Anodonthyla eximia","Amphibians","Anura","Microhylidae","Not assessed",1,1,"Precipitation: annual lower extreme",1
"Anodonthyla jeanbai","Amphibians","Anura","Microhylidae","Endangered",1,1,"Temperature: annual upper extreme",1
"Anodonthyla moramora","Amphibians","Anura","Microhylidae","Endangered",3,1,"Precipitation: annual lower extreme",3
"Anodonthyla theoi","Amphibians","Anura","Microhylidae","Critically Endangered",2,1,"Temperature: annual upper extreme",2
"Anodonthyla vallani","Amphibians","Anura","Microhylidae","Critically Endangered",1,1,"Temperature: annual upper extreme",1
"Anolis agueroi","Reptiles","Squamata","Anolidae","Endangered",2,1,"Temperature: annual upper extreme",2
"Anolis barahonae","Reptiles","Squamata","Anolidae","Endangered",2,1,"Temperature: annual upper extreme",2
"Anolis bellipeniculus","Reptiles","Squamata","Anolidae","Least Concern",1,1,"Temperature: annual upper extreme",1
"Anolis birama","Reptiles","Squamata","Anolidae","Endangered",1,1,"Precipitation: annual lower extreme",1
"Anolis caquetae","Reptiles","Squamata","Anolidae","Data Deficient",2,1,"Precipitation: annual upper extreme",2
"Anolis confusus","Reptiles","Squamata","Anolidae","Endangered",2,1,"Temperature: annual upper extreme",2
"Anolis eugenegrahami","Reptiles","Squamata","Anolidae","Critically Endangered",1,1,"Temperature: annual upper extreme",1
"Anolis guafe","Reptiles","Squamata","Anolidae","Endangered",2,1,"Temperature: annual upper extreme",2
"Anolis imias","Reptiles","Squamata","Anolidae","Least Concern",1,1,"Temperature: annual upper extreme",1
"Anolis incredulus","Reptiles","Squamata","Anolidae","Data Deficient",1,1,"Temperature: annual upper extreme",1
"Anolis koopmani","Reptiles","Squamata","Anolidae","Critically Endangered",1,1,"Temperature: annual upper extreme",1
"Anolis longitibialis","Reptiles","Squamata","Anolidae","Endangered",2,1,"Temperature: annual upper extreme",2
"Anolis marcanoi","Reptiles","Squamata","Anolidae","Near Threatened",2,1,"Temperature: seasonal max upper extreme",2
"Anolis marron","Reptiles","Squamata","Anolidae","Least Concern",1,1,"Temperature: annual upper extreme",1
"Anolis paravertebralis","Reptiles","Squamata","Anolidae","Data Deficient",1,1,"Temperature: annual upper extreme",1
"Anolis quadriocellifer","Reptiles","Squamata","Anolidae","Least Concern",1,1,"Temperature: annual upper extreme",1
"Anolis rimarum","Reptiles","Squamata","Anolidae","Critically Endangered",1,1,"Temperature: annual upper extreme",1
"Anolis roquet","Reptiles","Squamata","Anolidae","Least Concern",1,1,"Temperature: seasonal max upper extreme",1
"Anolis singularis","Reptiles","Squamata","Anolidae","Critically Endangered",2,1,"Temperature: seasonal max upper extreme",2
"Anolis toldo","Reptiles","Squamata","Anolidae","Vulnerable",2,1,"Temperature: seasonal max upper extreme",2
"Anomalepis aspinosus","Reptiles","Squamata","Anomalepididae","Data Deficient",2,1,"Temperature: seasonal max upper extreme",2
"Anomaloglossus degranvillei","Amphibians","Anura","Aromobatidae","Critically Endangered",1,1,"Precipitation: seasonal max upper extreme",1
"Anomaloglossus triunfo","Amphibians","Anura","Aromobatidae","Data Deficient",1,1,"Temperature: annual upper extreme",1
"Ansonia echinata","Amphibians","Anura","Bufonidae","Vulnerable",1,1,"Temperature: annual upper extreme",1
"Ansonia fuliginea","Amphibians","Anura","Bufonidae","Least Concern",1,1,"Precipitation: annual upper extreme",1
"Ansonia guibei","Amphibians","Anura","Bufonidae","Critically Endangered",3,1,"Precipitation: seasonal max upper extreme",3
"Antillotyphlops granti","Reptiles","Squamata","Typhlopidae","Endangered",1,1,"Temperature: annual upper extreme",1
"Apathya yassujica","Reptiles","Squamata","Lacertidae","Least Concern",1,1,"Temperature: annual upper extreme",1
"Aplonis magna","Birds","Passeriformes","Sturnidae","Least Concern",1,1,"Precipitation: annual upper extreme",1
"Apomys banahao","Mammals","Rodentia","Muridae","Least Concern",2,1,"Precipitation: annual upper extreme",2
"Apomys brownorum","Mammals","Rodentia","Muridae","Data Deficient",1,1,"Temperature: annual upper extreme",1
"Apomys magnus","Mammals","Rodentia","Muridae","Least Concern",2,1,"Precipitation: annual upper extreme",2
"Apomys minganensis","Mammals","Rodentia","Muridae","Least Concern",1,1,"Temperature: annual upper extreme",1
"Archboldomys luzonensis","Mammals","Rodentia","Muridae","Vulnerable",1,1,"Precipitation: annual upper extreme",1
"Ardops nichollsi","Mammals","Chiroptera","Phyllostomidae","Least Concern",1,1,"Temperature: seasonal max upper extreme",1
"Arrhyton ainictum","Reptiles","Squamata","Dipsadidae","Data Deficient",1,1,"Temperature: seasonal max upper extreme",1
"Arthroleptis bioko","Amphibians","Anura","Arthroleptidae","Endangered",1,1,"Temperature: annual upper extreme",1
"Arthroleptis brevipes","Amphibians","Anura","Arthroleptidae","Data Deficient",2,1,"Precipitation: seasonal min lower extreme",2
"Arthroleptis loveridgei","Amphibians","Anura","Arthroleptidae","Data Deficient",10,1,"Precipitation: seasonal min lower extreme",10
"Arthroleptis nimbaensis","Amphibians","Anura","Arthroleptidae","Data Deficient",1,1,"Precipitation: annual lower extreme",1
"Arthroleptis phrynoides","Amphibians","Anura","Arthroleptidae","Data Deficient",2,1,"Temperature: annual upper extreme",2
"Arthroleptis troglodytes","Amphibians","Anura","Arthroleptidae","Critically Endangered",1,1,"Temperature: annual upper extreme",1
"Asaccus nasrullahi","Reptiles","Squamata","Phyllodactylidae","Least Concern",1,1,"Temperature: seasonal max upper extreme",1
"Atheris acuminata","Reptiles","Squamata","Viperidae","Data Deficient",1,1,"Temperature: seasonal max upper extreme",1
"Atheris hirsuta","Reptiles","Squamata","Viperidae","Data Deficient",1,1,"Temperature: annual upper extreme",1
"Atractaspis phillipsi","Reptiles","Squamata","Atractaspididae","Data Deficient",8,1,"Temperature: seasonal max upper extreme",8
"Atractus apophis","Reptiles","Squamata","Dipsadidae","Data Deficient",1,1,"Precipitation: annual upper extreme",1
"Atractus charitoae","Reptiles","Squamata","Dipsadidae","Data Deficient",1,1,"Precipitation: annual upper extreme",1
"Atractus heliobelluomini","Reptiles","Squamata","Dipsadidae","Data Deficient",1,1,"Precipitation: annual upper extreme",1
"Atractus nigriventris","Reptiles","Squamata","Dipsadidae","Data Deficient",1,1,"Temperature: annual upper extreme",1
"Atractus paravertebralis","Reptiles","Squamata","Dipsadidae","Data Deficient",2,1,"Temperature: seasonal max upper extreme",2
"Austroablepharus barrylyoni","Reptiles","Squamata","Scincidae","Not assessed",1,1,"Precipitation: annual upper extreme",1
"Austrochaperina archboldi","Amphibians","Anura","Microhylidae","Data Deficient",1,1,"Temperature: annual upper extreme",1
"Baliodryas steinbachi","Reptiles","Squamata","Dipsadidae","Data Deficient",1,1,"Temperature: annual upper extreme",1
"Barygenys cheesmanae","Amphibians","Anura","Microhylidae","Data Deficient",1,1,"Temperature: annual upper extreme",1
"Barygenys flavigularis","Amphibians","Anura","Microhylidae","Data Deficient",1,1,"Temperature: annual upper extreme",1
"Batis poensis","Birds","Passeriformes","Platysteiridae","Least Concern",1,1,"Temperature: annual upper extreme",1
"Batomys uragon","Mammals","Rodentia","Muridae","Least Concern",1,1,"Precipitation: annual upper extreme",1
"Blaesodactylus ambonihazo","Reptiles","Squamata","Gekkonidae","Data Deficient",7,1,"Temperature: seasonal max upper extreme",7
"Bolitoglossa carri","Amphibians","Caudata","Plethodontidae","Critically Endangered",1,1,"Temperature: annual upper extreme",1
"Bolitoglossa digitigrada","Amphibians","Caudata","Plethodontidae","Data Deficient",1,1,"Temperature: seasonal max upper extreme",1
"Bolitoglossa hiemalis","Amphibians","Caudata","Plethodontidae","Vulnerable",1,1,"Precipitation: annual upper extreme",1
"Bolitoglossa leandrae","Amphibians","Caudata","Plethodontidae","Critically Endangered",1,1,"Precipitation: annual lower extreme",1
"Bolitoglossa silverstonei","Amphibians","Caudata","Plethodontidae","Data Deficient",1,1,"Precipitation: annual upper extreme",1
"Bolitoglossa suchitanensis","Amphibians","Caudata","Plethodontidae","Critically Endangered",1,1,"Temperature: annual upper extreme",1
"Bolitoglossa synoria","Amphibians","Caudata","Plethodontidae","Critically Endangered",1,1,"Temperature: annual upper extreme",1
"Boophis baetkei","Amphibians","Anura","Mantellidae","Critically Endangered",2,1,"Temperature: annual upper extreme",2
"Boophis mandraka","Amphibians","Anura","Mantellidae","Data Deficient",1,1,"Temperature: annual upper extreme",1
"Boophis narinsi","Amphibians","Anura","Mantellidae","Endangered",3,1,"Precipitation: annual lower extreme",3
"Boophis piperatus","Amphibians","Anura","Mantellidae","Endangered",3,1,"Precipitation: annual lower extreme",3
"Boophis sandrae","Amphibians","Anura","Mantellidae","Endangered",2,1,"Precipitation: annual lower extreme",2
"Boophis schuboeae","Amphibians","Anura","Mantellidae","Endangered",3,1,"Precipitation: annual lower extreme",3
"Boophis tampoka","Amphibians","Anura","Mantellidae","Least Concern",1,1,"Temperature: annual upper extreme",1
"Boophis tsilomaro","Amphibians","Anura","Mantellidae","Critically Endangered",1,1,"Precipitation: seasonal min lower extreme",1
"Bothrops lanceolatus","Reptiles","Squamata","Viperidae","Endangered",1,1,"Temperature: seasonal max upper extreme",1
"Brachycephalus bufonoides","Amphibians","Anura","Brachycephalidae","Critically Endangered",1,1,"Precipitation: annual lower extreme",1
"Brachymeles brevidactylus","Reptiles","Squamata","Scincidae","Least Concern",2,1,"Precipitation: annual upper extreme",2
"Brachymeles mapalanggaon","Reptiles","Squamata","Scincidae","Vulnerable",2,1,"Precipitation: annual upper extreme",2
"Brachymeles tungaoi","Reptiles","Squamata","Scincidae","Least Concern",2,1,"Precipitation: annual upper extreme",2
"Brachymeles wrighti","Reptiles","Squamata","Scincidae","Data Deficient",1,1,"Precipitation: annual upper extreme",1
"Brookesia ambreensis","Reptiles","Squamata","Chamaeleonidae","Near Threatened",2,1,"Temperature: annual upper extreme",2
"Brookesia antakarana","Reptiles","Squamata","Chamaeleonidae","Near Threatened",2,1,"Temperature: annual upper extreme",2
"Brookesia brunoi","Reptiles","Squamata","Chamaeleonidae","Near Threatened",1,1,"Temperature: annual upper extreme",1
"Brookesia decaryi","Reptiles","Squamata","Chamaeleonidae","Endangered",7,1,"Temperature: seasonal max upper extreme",7
"Brookesia micra","Reptiles","Squamata","Chamaeleonidae","Near Threatened",1,1,"Temperature: annual upper extreme",1
"Brookesia perarmata","Reptiles","Squamata","Chamaeleonidae","Endangered",4,1,"Temperature: annual upper extreme",4
"Brookesia tristis","Reptiles","Squamata","Chamaeleonidae","Endangered",1,1,"Temperature: annual upper extreme",1
"Brookesia tuberculata","Reptiles","Squamata","Chamaeleonidae","Vulnerable",2,1,"Temperature: annual upper extreme",2
"Bryophryne abramalagae","Amphibians","Anura","Strabomantidae","Data Deficient",1,1,"Temperature: seasonal max upper extreme",1
"Bryophryne cophites","Amphibians","Anura","Strabomantidae","Endangered",1,1,"Temperature: annual upper extreme",1
"Bryophryne hanssaueri","Amphibians","Anura","Strabomantidae","Least Concern",1,1,"Temperature: annual upper extreme",1
"Bryophryne phuyuhampatu","Amphibians","Anura","Strabomantidae","Least Concern",1,1,"Temperature: annual upper extreme",1
"Bunomys coelestis","Mammals","Rodentia","Muridae","Endangered",1,1,"Precipitation: annual upper extreme",1
"Caenolestes condorensis","Mammals","Paucituberculata","Caenolestidae","Vulnerable",2,1,"Temperature: annual upper extreme",2
"Calamaria apraeocularis","Reptiles","Squamata","Calamariidae","Critically Endangered",1,1,"Precipitation: annual upper extreme",1
"Calamaria battersbyi","Reptiles","Squamata","Calamariidae","Data Deficient",1,1,"Temperature: annual upper extreme",1
"Calamaria curta","Reptiles","Squamata","Calamariidae","Data Deficient",1,1,"Precipitation: annual upper extreme",1
"Calamaria javanica","Reptiles","Squamata","Calamariidae","Data Deficient",1,1,"Temperature: annual upper extreme",1
"Calamophis katesandersae","Reptiles","Squamata","Homalopsidae","Data Deficient",1,1,"Temperature: seasonal max upper extreme",1
"Calamorhabdium acuticeps","Reptiles","Squamata","Calamariidae","Data Deficient",1,1,"Precipitation: annual upper extreme",1
"Calcochloris tytonis","Mammals","Afrosoricida","Chrysochloridae","Data Deficient",4,1,"Precipitation: seasonal min lower extreme",4
"Callimedusa duellmani","Amphibians","Anura","Phyllomedusidae","Data Deficient",1,1,"Precipitation: annual upper extreme",1
"Callulops fojaensis","Amphibians","Anura","Microhylidae","Data Deficient",1,1,"Precipitation: annual upper extreme",1
"Callulops neuhaussi","Amphibians","Anura","Microhylidae","Data Deficient",1,1,"Temperature: annual upper extreme",1
"Calumma amber","Reptiles","Squamata","Chamaeleonidae","Near Threatened",2,1,"Temperature: annual upper extreme",2
"Calumma ambreense","Reptiles","Squamata","Chamaeleonidae","Near Threatened",2,1,"Temperature: annual upper extreme",2
"Calumma capuroni","Reptiles","Squamata","Chamaeleonidae","Vulnerable",2,1,"Temperature: seasonal max upper extreme",2
"Calumma jejy","Reptiles","Squamata","Chamaeleonidae","Vulnerable",1,1,"Temperature: annual upper extreme",1
"Calumma vohibola","Reptiles","Squamata","Chamaeleonidae","Endangered",1,1,"Temperature: annual upper extreme",1
"Cardioglossa alsco","Amphibians","Anura","Arthroleptidae","Endangered",2,1,"Temperature: annual upper extreme",2
"Carlia wundalthini","Reptiles","Squamata","Scincidae","Vulnerable",1,1,"Temperature: annual upper extreme",1
"Celestus fowleri","Reptiles","Squamata","Anguidae","Vulnerable",1,1,"Temperature: annual upper extreme",1
"Celestus macrotus","Reptiles","Squamata","Anguidae","Endangered",1,1,"Temperature: annual upper extreme",1
"Celsiella vozmedianoi","Amphibians","Anura","Centrolenidae","Endangered",1,1,"Temperature: annual upper extreme",1
"Centrolene paezorum","Amphibians","Anura","Centrolenidae","Data Deficient",1,1,"Precipitation: seasonal max upper extreme",1
"Centrolene sabini","Amphibians","Anura","Centrolenidae","Vulnerable",1,1,"Temperature: annual upper extreme",1
"Centropus chalybeus","Birds","Cuculiformes","Cuculidae","Near Threatened",1,1,"Precipitation: annual upper extreme",1
"Cerrophidion petlalcalensis","Reptiles","Squamata","Viperidae","Data Deficient",1,1,"Temperature: annual upper extreme",1
"Ceyx collectoris","Birds","Coraciiformes","Alcedinidae","Least Concern",2,1,"Temperature: annual upper extreme",2
"Chaerephon gallagheri","Mammals","Chiroptera","Molossidae","Not assessed",3,1,"Temperature: annual upper extreme",3
"Chaetura martinica","Birds","Caprimulgiformes","Apodidae","Least Concern",1,1,"Temperature: seasonal max upper extreme",1
"Chalcides simonyi","Reptiles","Squamata","Scincidae","Endangered",1,1,"Temperature: annual upper extreme",1
"Chiasmocleis altomontana","Amphibians","Anura","Microhylidae","Vulnerable",1,1,"Precipitation: annual lower extreme",1
"Chikila darlong","Amphibians","Gymnophiona","Chikilidae","Data Deficient",1,1,"Temperature: annual upper extreme",1
"Chimarrogale sumatrana","Mammals","Eulipotyphla","Soricidae","Data Deficient",1,1,"Temperature: annual upper extreme",1
"Chiropterotriton arboreus","Amphibians","Caudata","Plethodontidae","Critically Endangered",1,1,"Temperature: annual upper extreme",1
"Chiropterotriton aureus","Amphibians","Caudata","Plethodontidae","Critically Endangered",1,1,"Temperature: annual upper extreme",1
"Chiropterotriton cieloensis","Amphibians","Caudata","Plethodontidae","Vulnerable",1,1,"Temperature: annual upper extreme",1
"Choerophryne amomani","Amphibians","Anura","Microhylidae","Data Deficient",1,1,"Precipitation: annual upper extreme",1
"Choerophryne bickfordi","Amphibians","Anura","Microhylidae","Least Concern",1,1,"Temperature: annual upper extreme",1
"Choerophryne epirrhina","Amphibians","Anura","Microhylidae","Least Concern",1,1,"Temperature: seasonal max upper extreme",1
"Choerophryne pipiens","Amphibians","Anura","Microhylidae","Least Concern",1,1,"Precipitation: annual upper extreme",1
"Choerophryne siegfriedi","Amphibians","Anura","Microhylidae","Critically Endangered",1,1,"Temperature: annual upper extreme",1
"Chrotomys gonzalesi","Mammals","Rodentia","Muridae","Near Threatened",1,1,"Precipitation: annual upper extreme",1
"Chthonerpeton braestrupi","Amphibians","Gymnophiona","Typhlonectidae","Data Deficient",1,1,"Precipitation: annual lower extreme",1
"Cinclocerthia gutturalis","Birds","Passeriformes","Mimidae","Least Concern",1,1,"Temperature: seasonal max upper extreme",1
"Cnemaspis amba","Reptiles","Squamata","Gekkonidae","Data Deficient",1,1,"Temperature: annual upper extreme",1
"Cnemaspis bayuensis","Reptiles","Squamata","Gekkonidae","Vulnerable",1,1,"Precipitation: seasonal max upper extreme",1
"Cnemaspis gotaimbarai","Reptiles","Squamata","Gekkonidae","Critically Endangered",1,1,"Temperature: annual upper extreme",1
"Cnemaspis grismeri","Reptiles","Squamata","Gekkonidae","Least Concern",1,1,"Precipitation: seasonal max upper extreme",1
"Cnemaspis limayei","Reptiles","Squamata","Gekkonidae","Data Deficient",1,1,"Temperature: annual upper extreme",1
"Cnemaspis minang","Reptiles","Squamata","Gekkonidae","Critically Endangered",1,1,"Temperature: annual upper extreme",1
"Cnemaspis nigridia","Reptiles","Squamata","Gekkonidae","Least Concern",1,1,"Temperature: seasonal max upper extreme",1
"Cnemaspis nilgala","Reptiles","Squamata","Gekkonidae","Critically Endangered",1,1,"Temperature: annual upper extreme",1
"Cnemaspis paripari","Reptiles","Squamata","Gekkonidae","Critically Endangered",1,1,"Precipitation: seasonal max upper extreme",1
"Cnemaspis rammalensis","Reptiles","Squamata","Gekkonidae","Critically Endangered",1,1,"Temperature: annual upper extreme",1
"Cnemaspis stongensis","Reptiles","Squamata","Gekkonidae","Least Concern",1,1,"Precipitation: seasonal max upper extreme",1
"Cnemaspis tapanuli","Reptiles","Squamata","Gekkonidae","Least Concern",1,1,"Precipitation: annual upper extreme",1
"Cnemaspis temiah","Reptiles","Squamata","Gekkonidae","Critically Endangered",1,1,"Precipitation: seasonal max upper extreme",1
"Cochranella duidaeana","Amphibians","Anura","Centrolenidae","Vulnerable",2,1,"Temperature: annual upper extreme",2
"Colostethus jacobuspetersi","Amphibians","Anura","Dendrobatidae","Critically Endangered",1,1,"Precipitation: annual upper extreme",1
"Columba trocaz","Birds","Columbiformes","Columbidae","Least Concern",1,1,"Temperature: annual upper extreme",1
"Complicitus nigrigularis","Reptiles","Squamata","Agamidae","Data Deficient",1,1,"Precipitation: annual upper extreme",1
"Conophis morai","Reptiles","Squamata","Dipsadidae","Data Deficient",1,1,"Temperature: annual upper extreme",1
"Cophixalus caverniphilus","Amphibians","Anura","Microhylidae","Least Concern",1,1,"Precipitation: annual upper extreme",1
"Cophixalus exiguus","Amphibians","Anura","Microhylidae","Least Concern",1,1,"Temperature: annual upper extreme",1
"Cophixalus hinchinbrookensis","Amphibians","Anura","Microhylidae","Least Concern",1,1,"Precipitation: annual upper extreme",1
"Cophixalus linnaeus","Amphibians","Anura","Microhylidae","Least Concern",1,1,"Temperature: annual upper extreme",1
"Cophixalus mcdonaldi","Amphibians","Anura","Microhylidae","Critically Endangered",2,1,"Precipitation: annual upper extreme",2
"Cophixalus monticola","Amphibians","Anura","Microhylidae","Critically Endangered",1,1,"Temperature: annual upper extreme",1
"Cophixalus neglectus","Amphibians","Anura","Microhylidae","Critically Endangered",1,1,"Temperature: annual upper extreme",1
"Cophixalus nexipus","Amphibians","Anura","Microhylidae","Least Concern",1,1,"Temperature: annual upper extreme",1
"Cophixalus nubicola","Amphibians","Anura","Microhylidae","Vulnerable",1,1,"Temperature: annual upper extreme",1
"Cophixalus petrophilus","Amphibians","Anura","Microhylidae","Least Concern",1,1,"Temperature: annual upper extreme",1
"Cophixalus phaeobalius","Amphibians","Anura","Microhylidae","Least Concern",1,1,"Temperature: annual upper extreme",1
"Cophixalus pictus","Amphibians","Anura","Microhylidae","Data Deficient",1,1,"Precipitation: annual upper extreme",1
"Cophixalus pulchellus","Amphibians","Anura","Microhylidae","Data Deficient",1,1,"Temperature: annual upper extreme",1
"Cophixalus salawatiensis","Amphibians","Anura","Microhylidae","Data Deficient",5,1,"Precipitation: annual upper extreme",5
"Cophixalus saxatilis","Amphibians","Anura","Microhylidae","Least Concern",1,1,"Temperature: annual upper extreme",1
"Cophixalus tenuidactylus","Amphibians","Anura","Microhylidae","Near Threatened",1,1,"Temperature: annual upper extreme",1
"Cophixalus viridis","Amphibians","Anura","Microhylidae","Least Concern",1,1,"Precipitation: annual upper extreme",1
"Cophixalus zweifeli","Amphibians","Anura","Microhylidae","Least Concern",1,1,"Temperature: annual upper extreme",1
"Cophyla maharipeo","Amphibians","Anura","Microhylidae","Critically Endangered",2,1,"Temperature: annual upper extreme",2
"Cophyla noromalalae","Amphibians","Anura","Microhylidae","Endangered",1,1,"Temperature: annual upper extreme",1
"Cophyla puellarum","Amphibians","Anura","Microhylidae","Critically Endangered",1,1,"Temperature: annual upper extreme",1
"Copiula annanoreenae","Amphibians","Anura","Microhylidae","Least Concern",1,1,"Precipitation: annual upper extreme",1
"Cornufer browni","Amphibians","Anura","Ceratobatrachidae","Least Concern",1,1,"Temperature: annual upper extreme",1
"Cornufer caesiops","Amphibians","Anura","Ceratobatrachidae","Data Deficient",1,1,"Temperature: annual upper extreme",1
"Cornufer citrinospilus","Amphibians","Anura","Ceratobatrachidae","Vulnerable",1,1,"Temperature: annual upper extreme",1
"Cornufer desticans","Amphibians","Anura","Ceratobatrachidae","Vulnerable",5,1,"Temperature: seasonal max upper extreme",5
"Cornufer parilis","Amphibians","Anura","Ceratobatrachidae","Endangered",4,1,"Temperature: seasonal max upper extreme",4
"Cornufer wuenscheorum","Amphibians","Anura","Ceratobatrachidae","Data Deficient",1,1,"Precipitation: annual upper extreme",1
"Craugastor nefrens","Amphibians","Anura","Craugastoridae","Critically Endangered",1,1,"Temperature: annual upper extreme",1
"Craugastor saltuarius","Amphibians","Anura","Craugastoridae","Critically Endangered",1,1,"Precipitation: seasonal max upper extreme",1
"Craugastor silvicola","Amphibians","Anura","Craugastoridae","Data Deficient",1,1,"Temperature: annual upper extreme",1
"Craugastor taylori","Amphibians","Anura","Craugastoridae","Critically Endangered",1,1,"Temperature: annual upper extreme",1
"Cristidorsa otai","Reptiles","Squamata","Agamidae","Data Deficient",1,1,"Temperature: annual upper extreme",1
"Crocidura canariensis","Mammals","Eulipotyphla","Soricidae","Endangered",1,1,"Temperature: annual upper extreme",1
"Crocidura panayensis","Mammals","Eulipotyphla","Soricidae","Data Deficient",1,1,"Precipitation: annual upper extreme",1
"Crocidura pergrisea","Mammals","Eulipotyphla","Soricidae","Data Deficient",1,1,"Temperature: annual upper extreme",1
"Crossodactylodes pintoi","Amphibians","Anura","Leptodactylidae","Data Deficient",1,1,"Precipitation: annual lower extreme",1
"Crotalus lannomi","Reptiles","Squamata","Viperidae","Data Deficient",1,1,"Temperature: annual upper extreme",1
"Crotalus tancitarensis","Reptiles","Squamata","Viperidae","Data Deficient",1,1,"Temperature: annual upper extreme",1
"Crotaphatrema bornmuelleri","Amphibians","Gymnophiona","Scolecomorphidae","Data Deficient",1,1,"Precipitation: annual upper extreme",1
"Crotaphatrema tchabalmbaboensis","Amphibians","Gymnophiona","Scolecomorphidae","Data Deficient",1,1,"Temperature: annual upper extreme",1
"Cryptoblepharus boutonii","Reptiles","Squamata","Scincidae","Near Threatened",1,1,"Temperature: seasonal max upper extreme",1
"Cryptoblepharus fuhni","Reptiles","Squamata","Scincidae","Least Concern",1,1,"Temperature: annual upper extreme",1
"Cryptomys mahali","Mammals","Rodentia","Bathyergidae","Data Deficient",1,1,"Precipitation: seasonal max upper extreme",1
"Cryptotis mccarthyi","Mammals","Eulipotyphla","Soricidae","Data Deficient",1,1,"Precipitation: seasonal max upper extreme",1
"Cryptotis nelsoni","Mammals","Eulipotyphla","Soricidae","Critically Endangered",1,1,"Temperature: annual upper extreme",1
"Cryptotriton monzoni","Amphibians","Caudata","Plethodontidae","Critically Endangered",1,1,"Temperature: annual upper extreme",1
"Ctenophryne minor","Amphibians","Anura","Microhylidae","Data Deficient",1,1,"Temperature: annual upper extreme",1
"Cuscomys ashaninka","Mammals","Rodentia","Abrocomidae","Data Deficient",1,1,"Temperature: seasonal max upper extreme",1
"Cyanophaia bicolor","Birds","Apodiformes","Trochilidae","Not assessed",1,1,"Temperature: seasonal max upper extreme",1
"Cylindrophis osheai","Reptiles","Squamata","Cylindrophiidae","Data Deficient",1,1,"Precipitation: annual upper extreme",1
"Cynisca gansi","Reptiles","Squamata","Amphisbaenidae","Critically Endangered",1,1,"Precipitation: seasonal max upper extreme",1
"Cynisca muelleri","Reptiles","Squamata","Amphisbaenidae","Data Deficient",1,1,"Precipitation: annual lower extreme",1
"Cynisca schaeferi","Reptiles","Squamata","Amphisbaenidae","Endangered",1,1,"Precipitation: seasonal max upper extreme",1
"Cynisca williamsi","Reptiles","Squamata","Amphisbaenidae","Data Deficient",2,1,"Precipitation: seasonal min lower extreme",2
"Cyrtodactylus battalensis","Reptiles","Squamata","Gekkonidae","Data Deficient",1,1,"Temperature: annual upper extreme",1
"Cyrtodactylus bhupathyi","Reptiles","Squamata","Gekkonidae","Data Deficient",1,1,"Temperature: annual upper extreme",1
"Cyrtodactylus cavernicolus","Reptiles","Squamata","Gekkonidae","Least Concern",1,1,"Temperature: seasonal max upper extreme",1
"Cyrtodactylus chamba","Reptiles","Squamata","Gekkonidae","Critically Endangered",1,1,"Temperature: annual upper extreme",1
"Cyrtodactylus chrysopylos","Reptiles","Squamata","Gekkonidae","Vulnerable",1,1,"Precipitation: annual upper extreme",1
"Cyrtodactylus derongo","Reptiles","Squamata","Gekkonidae","Data Deficient",1,1,"Temperature: seasonal max upper extreme",1
"Cyrtodactylus guakanthanensis","Reptiles","Squamata","Gekkonidae","Critically Endangered",2,1,"Precipitation: seasonal max upper extreme",2
"Cyrtodactylus gubernatoris","Reptiles","Squamata","Gekkonidae","Data Deficient",1,1,"Temperature: annual upper extreme",1
"Cyrtodactylus gunungsenyumensis","Reptiles","Squamata","Gekkonidae","Least Concern",1,1,"Precipitation: seasonal max upper extreme",1
"Cyrtodactylus guwahatiensis","Reptiles","Squamata","Gekkonidae","Data Deficient",1,1,"Temperature: annual upper extreme",1
"Cyrtodactylus himalayanus","Reptiles","Squamata","Gekkonidae","Data Deficient",1,1,"Temperature: annual upper extreme",1
"Cyrtodactylus irianjayaensis","Reptiles","Squamata","Gekkonidae","Data Deficient",5,1,"Precipitation: annual upper extreme",5
"Cyrtodactylus jaintiaensis","Reptiles","Squamata","Gekkonidae","Not assessed",1,1,"Temperature: annual upper extreme",1
"Cyrtodactylus jelawangensis","Reptiles","Squamata","Gekkonidae","Data Deficient",1,1,"Precipitation: seasonal max upper extreme",1
"Cyrtodactylus kazirangaensis","Reptiles","Squamata","Gekkonidae","Data Deficient",1,1,"Temperature: annual upper extreme",1
"Cyrtodactylus lomyenensis","Reptiles","Squamata","Gekkonidae","Vulnerable",1,1,"Precipitation: seasonal min lower extreme",1
"Cyrtodactylus martinstolli","Reptiles","Squamata","Gekkonidae","Data Deficient",1,1,"Temperature: annual upper extreme",1
"Cyrtodactylus metropolis","Reptiles","Squamata","Gekkonidae","Least Concern",1,1,"Temperature: seasonal max upper extreme",1
"Cyrtodactylus montanus","Reptiles","Squamata","Gekkonidae","Critically Endangered",1,1,"Temperature: annual upper extreme",1
"Cyrtodactylus nagalandensis","Reptiles","Squamata","Gekkonidae","Data Deficient",1,1,"Temperature: annual upper extreme",1
"Cyrtodactylus psarops","Reptiles","Squamata","Gekkonidae","Endangered",1,1,"Temperature: annual upper extreme",1
"Cyrtodactylus septentrionalis","Reptiles","Squamata","Gekkonidae","Data Deficient",1,1,"Temperature: annual upper extreme",1
"Cyrtodactylus soudthichaki","Reptiles","Squamata","Gekkonidae","Least Concern",1,1,"Precipitation: seasonal min lower extreme",1
"Cyrtodactylus tamaiensis","Reptiles","Squamata","Gekkonidae","Data Deficient",1,1,"Temperature: seasonal max upper extreme",1
"Cyrtodactylus vilaphongi","Reptiles","Squamata","Gekkonidae","Data Deficient",1,1,"Precipitation: seasonal max upper extreme",1
"Darevskia steineri","Reptiles","Squamata","Lacertidae","Data Deficient",1,1,"Precipitation: annual lower extreme",1
"Dasyornis longirostris","Birds","Passeriformes","Dasyornithidae","Endangered",1,1,"Temperature: seasonal max upper extreme",1
"Dendrobates nubeculosus","Amphibians","Anura","Dendrobatidae","Data Deficient",1,1,"Temperature: annual upper extreme",1
"Dendrophryniscus davori","Amphibians","Anura","Bufonidae","Critically Endangered",1,1,"Precipitation: annual lower extreme",1
"Dendrophryniscus izecksohni","Amphibians","Anura","Bufonidae","Data Deficient",1,1,"Precipitation: annual lower extreme",1
"Dendrophryniscus organensis","Amphibians","Anura","Bufonidae","Data Deficient",1,1,"Precipitation: annual lower extreme",1
"Dendropsophus pauiniensis","Amphibians","Anura","Hylidae","Data Deficient",1,1,"Precipitation: seasonal max upper extreme",1
"Dendropsophus vraemi","Amphibians","Anura","Hylidae","Least Concern",1,1,"Temperature: seasonal max upper extreme",1
"Dendrotriton megarhinus","Amphibians","Caudata","Plethodontidae","Vulnerable",1,1,"Temperature: annual upper extreme",1
"Dibamus booliati","Reptiles","Squamata","Dibamidae","Data Deficient",1,1,"Precipitation: seasonal max upper extreme",1
"Dicaeum quadricolor","Birds","Passeriformes","Dicaeidae","Critically Endangered",1,1,"Precipitation: annual upper extreme",1
"Diomys crumpi","Mammals","Rodentia","Muridae","Data Deficient",1,1,"Temperature: annual upper extreme",1
"Discosura letitiae","Birds","Caprimulgiformes","Trochilidae","Data Deficient",1,1,"Temperature: annual upper extreme",1
"Dobsonia chapmani","Mammals","Chiroptera","Pteropodidae","Critically Endangered",1,1,"Precipitation: annual upper extreme",1
"Dobsonia emersa","Mammals","Chiroptera","Pteropodidae","Vulnerable",1,1,"Precipitation: annual upper extreme",1
"Draco cristatellus","Reptiles","Squamata","Agamidae","Data Deficient",1,1,"Precipitation: seasonal max upper extreme",1
"Dryophylax yavi","Reptiles","Squamata","Dipsadidae","Least Concern",1,1,"Temperature: annual upper extreme",1
"Ducula geelvinkiana","Birds","Columbiformes","Columbidae","Least Concern",1,1,"Precipitation: annual upper extreme",1
"Duttaphrynus kiphirensis","Amphibians","Anura","Bufonidae","Data Deficient",1,1,"Temperature: annual upper extreme",1
"Duttaphrynus mamitensis","Amphibians","Anura","Bufonidae","Data Deficient",1,1,"Temperature: annual upper extreme",1
"Duttaphrynus manipurensis","Amphibians","Anura","Bufonidae","Data Deficient",1,1,"Precipitation: seasonal min lower extreme",1
"Echinotriton chinhaiensis","Amphibians","Caudata","Salamandridae","Critically Endangered",2,1,"Temperature: annual upper extreme",2
"Ecnomiohyla valancifer","Amphibians","Anura","Hylidae","Critically Endangered",1,1,"Temperature: annual upper extreme",1
"Edolisoma meyerii","Birds","Passeriformes","Campephagidae","Least Concern",1,1,"Precipitation: annual upper extreme",1
"Edolisoma pygmaeum","Birds","Passeriformes","Campephagidae","Near Threatened",2,1,"Temperature: annual upper extreme",2
"Eleutherodactylus acmonis","Amphibians","Anura","Eleutherodactylidae","Critically Endangered",1,1,"Temperature: annual upper extreme",1
"Eleutherodactylus alticola","Amphibians","Anura","Eleutherodactylidae","Critically Endangered",1,1,"Temperature: annual upper extreme",1
"Eleutherodactylus andrewsi","Amphibians","Anura","Eleutherodactylidae","Endangered",1,1,"Temperature: annual upper extreme",1
"Eleutherodactylus bothroboans","Amphibians","Anura","Eleutherodactylidae","Critically Endangered",1,1,"Temperature: annual upper extreme",1
"Eleutherodactylus caribe","Amphibians","Anura","Eleutherodactylidae","Critically Endangered",1,1,"Temperature: annual upper extreme",1
"Eleutherodactylus cattus","Amphibians","Anura","Eleutherodactylidae","Endangered",1,1,"Temperature: annual upper extreme",1
"Eleutherodactylus corona","Amphibians","Anura","Eleutherodactylidae","Critically Endangered",1,1,"Temperature: annual upper extreme",1
"Eleutherodactylus dolomedes","Amphibians","Anura","Eleutherodactylidae","Critically Endangered",1,1,"Temperature: annual upper extreme",1
"Eleutherodactylus floresvillelai","Amphibians","Anura","Eleutherodactylidae","Vulnerable",1,1,"Temperature: annual upper extreme",1
"Eleutherodactylus guanahacabibes","Amphibians","Anura","Eleutherodactylidae","Least Concern",1,1,"Temperature: annual upper extreme",1
"Eleutherodactylus jaumei","Amphibians","Anura","Eleutherodactylidae","Critically Endangered",1,1,"Temperature: annual upper extreme",1
"Eleutherodactylus junori","Amphibians","Anura","Eleutherodactylidae","Critically Endangered",1,1,"Temperature: annual upper extreme",1
"Eleutherodactylus leberi","Amphibians","Anura","Eleutherodactylidae","Critically Endangered",1,1,"Temperature: annual upper extreme",1
"Eleutherodactylus ligiae","Amphibians","Anura","Eleutherodactylidae","Critically Endangered",1,1,"Temperature: annual upper extreme",1
"Eleutherodactylus manantlanensis","Amphibians","Anura","Eleutherodactylidae","Critically Endangered",1,1,"Temperature: annual upper extreme",1
"Eleutherodactylus mariposa","Amphibians","Anura","Eleutherodactylidae","Critically Endangered",1,1,"Temperature: annual upper extreme",1
"Eleutherodactylus martinicensis","Amphibians","Anura","Eleutherodactylidae","Near Threatened",1,1,"Temperature: seasonal max upper extreme",1
"Eleutherodactylus orientalis","Amphibians","Anura","Eleutherodactylidae","Critically Endangered",1,1,"Temperature: annual upper extreme",1
"Eleutherodactylus rhodesi","Amphibians","Anura","Eleutherodactylidae","Critically Endangered",1,1,"Temperature: annual upper extreme",1
"Eleutherodactylus rufifemoralis","Amphibians","Anura","Eleutherodactylidae","Endangered",1,1,"Temperature: annual upper extreme",1
"Eleutherodactylus sciagraphus","Amphibians","Anura","Eleutherodactylidae","Critically Endangered",2,1,"Temperature: seasonal max upper extreme",2
"Eleutherodactylus semipalmatus","Amphibians","Anura","Eleutherodactylidae","Critically Endangered",1,1,"Temperature: annual upper extreme",1
"Eleutherodactylus warreni","Amphibians","Anura","Eleutherodactylidae","Critically Endangered",1,1,"Temperature: annual upper extreme",1
"Eleutherodactylus wixarika","Amphibians","Anura","Eleutherodactylidae","Endangered",1,1,"Precipitation: seasonal min lower extreme",1
"Emberizoides duidae","Birds","Passeriformes","Thraupidae","Data Deficient",1,1,"Temperature: annual upper extreme",1
"Emoia loyaltiensis","Reptiles","Squamata","Scincidae","Vulnerable",1,1,"Precipitation: seasonal max upper extreme",1
"Emoia schmidti","Reptiles","Squamata","Scincidae","Least Concern",2,1,"Temperature: annual upper extreme",2
"Eos cyanogenia","Birds","Psittaciformes","Psittacidae","Near Threatened",1,1,"Precipitation: annual upper extreme",1
"Epicrionops peruvianus","Amphibians","Gymnophiona","Rhinatrematidae","Data Deficient",1,1,"Temperature: annual upper extreme",1
"Epictia guayaquilensis","Reptiles","Squamata","Leptotyphlopidae","Data Deficient",1,1,"Temperature: seasonal max upper extreme",1
"Eriocnemis godini","Birds","Caprimulgiformes","Trochilidae","Critically Endangered",2,1,"Precipitation: annual upper extreme",2
"Eulampis jugularis","Birds","Caprimulgiformes","Trochilidae","Least Concern",1,1,"Temperature: seasonal max upper extreme",1
"Euphonia flavifrons","Birds","Passeriformes","Fringillidae","Least Concern",1,1,"Temperature: seasonal max upper extreme",1
"Euspondylus caideni","Reptiles","Squamata","Gymnophthalmidae","Least Concern",1,1,"Temperature: annual upper extreme",1
"Euspondylus monsfumus","Reptiles","Squamata","Gymnophthalmidae","Critically Endangered",1,1,"Temperature: annual upper extreme",1
"Eutropis quadratilobus","Reptiles","Squamata","Scincidae","Endangered",1,1,"Temperature: annual upper extreme",1
"Falco punctatus","Birds","Falconiformes","Falconidae","Endangered",1,1,"Temperature: seasonal max upper extreme",1
"Feihyla inexpectata","Amphibians","Anura","Rhacophoridae","Not assessed",1,1,"Precipitation: annual upper extreme",1
"Ficimia ramirezi","Reptiles","Squamata","Colubridae","Data Deficient",1,1,"Temperature: annual upper extreme",1
"Formicivora erythronotos","Birds","Passeriformes","Thamnophilidae","Endangered",1,1,"Precipitation: annual lower extreme",1
"Furcifer timoni","Reptiles","Squamata","Chamaeleonidae","Near Threatened",2,1,"Temperature: annual upper extreme",2
"Furcifer tuzetae","Reptiles","Squamata","Chamaeleonidae","Data Deficient",1,1,"Temperature: seasonal max upper extreme",1
"Gallotia atlantica","Reptiles","Squamata","Lacertidae","Least Concern",1,1,"Temperature: annual upper extreme",1
"Gastrotheca antoniiochoai","Amphibians","Anura","Hemiphractidae","Data Deficient",1,1,"Temperature: annual upper extreme",1
"Gastrotheca pachachacae","Amphibians","Anura","Hemiphractidae","Vulnerable",1,1,"Temperature: seasonal max upper extreme",1
"Gastrotheca yacuri","Amphibians","Anura","Hemiphractidae","Endangered",1,1,"Temperature: annual upper extreme",1
"Geagras redimitus","Reptiles","Squamata","Colubridae","Data Deficient",1,1,"Temperature: annual upper extreme",1
"Gehyra barea","Reptiles","Squamata","Gekkonidae","Least Concern",5,1,"Precipitation: annual upper extreme",5
"Gekko auriverrucosus","Reptiles","Squamata","Gekkonidae","Data Deficient",2,1,"Temperature: seasonal max upper extreme",2
"Gekko carusadensis","Reptiles","Squamata","Gekkonidae","Data Deficient",1,1,"Precipitation: annual upper extreme",1
"Gekko gulat","Reptiles","Squamata","Gekkonidae","Data Deficient",1,1,"Precipitation: annual upper extreme",1
"Gekko sorok","Reptiles","Squamata","Gekkonidae","Data Deficient",1,1,"Precipitation: annual upper extreme",1
"Geophis dunni","Reptiles","Squamata","Dipsadidae","Data Deficient",1,1,"Temperature: annual upper extreme",1
"Geophis laticollaris","Reptiles","Squamata","Dipsadidae","Data Deficient",1,1,"Temperature: annual upper extreme",1
"Geophis latifrontalis","Reptiles","Squamata","Dipsadidae","Data Deficient",2,1,"Temperature: annual upper extreme",2
"Gephyromantis mafy","Amphibians","Anura","Mantellidae","Critically Endangered",1,1,"Temperature: seasonal max upper extreme",1
"Gephyromantis runewsweeki","Amphibians","Anura","Mantellidae","Vulnerable",1,1,"Precipitation: annual lower extreme",1
"Gerrhopilus oligolepis","Reptiles","Squamata","Gerrhopilidae","Data Deficient",1,1,"Temperature: annual upper extreme",1
"Gerygone hypoxantha","Birds","Passeriformes","Acanthizidae","Near Threatened",1,1,"Precipitation: annual upper extreme",1
"Glaphyromorphus clandestinus","Reptiles","Squamata","Scincidae","Least Concern",4,1,"Precipitation: annual upper extreme",4
"Glaphyromorphus othelarrni","Reptiles","Squamata","Scincidae","Least Concern",1,1,"Temperature: annual upper extreme",1
"Goniurosaurus huuliensis","Reptiles","Squamata","Eublepharidae","Critically Endangered",2,1,"Precipitation: seasonal min lower extreme",2
"Guibemantis diphonus","Amphibians","Anura","Mantellidae","Critically Endangered",2,1,"Temperature: annual upper extreme",2
"Guibemantis punctatus","Amphibians","Anura","Mantellidae","Critically Endangered",1,1,"Temperature: annual upper extreme",1
"Gymnophthalmus pleii","Reptiles","Squamata","Gymnophthalmidae","Near Threatened",1,1,"Temperature: seasonal max upper extreme",1
"Hebius lacrima","Reptiles","Squamata","Natricidae","Data Deficient",1,1,"Temperature: seasonal max upper extreme",1
"Hemidactylus biokoensis","Reptiles","Squamata","Gekkonidae","Data Deficient",1,1,"Temperature: annual upper extreme",1
"Hemidactylus jubensis","Reptiles","Squamata","Gekkonidae","Data Deficient",14,1,"Precipitation: seasonal min lower extreme",14
"Hemidactylus makolowodei","Reptiles","Squamata","Gekkonidae","Endangered",1,1,"Temperature: annual upper extreme",1
"Hemidactylus vijayraghavani","Reptiles","Squamata","Gekkonidae","Data Deficient",2,1,"Precipitation: annual upper extreme",2
"Hemiphyllodactylus larutensis","Reptiles","Squamata","Gekkonidae","Data Deficient",1,1,"Precipitation: seasonal max upper extreme",1
"Hemiphyllodactylus zugi","Reptiles","Squamata","Gekkonidae","Data Deficient",1,1,"Precipitation: seasonal min lower extreme",1
"Herpetoreas burbrinki","Reptiles","Squamata","Colubridae","Not assessed",1,1,"Temperature: annual upper extreme",1
"Herpetoreas pealii","Reptiles","Squamata","Natricidae","Data Deficient",1,1,"Temperature: seasonal max upper extreme",1
"Herpsilochmus parkeri","Birds","Passeriformes","Thamnophilidae","Vulnerable",1,1,"Precipitation: seasonal max upper extreme",1
"Heterixalus tricolor","Amphibians","Anura","Hyperoliidae","Least Concern",1,1,"Temperature: annual upper extreme",1
"Heteroliodon fohy","Reptiles","Squamata","Pseudoxyrhophiidae","Endangered",1,1,"Temperature: annual upper extreme",1
"Heteromirafra archeri","Birds","Passeriformes","Alaudidae","Critically Endangered",4,1,"Precipitation: seasonal min lower extreme",4
"Hipposideros camerunensis","Mammals","Chiroptera","Hipposideridae","Not assessed",2,1,"Precipitation: seasonal max upper extreme",2
"Hipposideros lamottei","Mammals","Chiroptera","Hipposideridae","Critically Endangered",1,1,"Precipitation: annual lower extreme",1
"Holoaden pholeter","Amphibians","Anura","Strabomantidae","Data Deficient",1,1,"Precipitation: annual lower extreme",1
"Horornis parens","Birds","Passeriformes","Scotocercidae","Least Concern",2,1,"Temperature: annual upper extreme",2
"Hybomys basilii","Mammals","Rodentia","Muridae","Endangered",1,1,"Temperature: annual upper extreme",1
"Hydrablabes praefrontalis","Reptiles","Squamata","Natricidae","Data Deficient",2,1,"Precipitation: annual upper extreme",2
"Hyla imitator","Amphibians","Anura","Hylidae","Data Deficient",1,1,"Temperature: seasonal max upper extreme",1
"Hyloscirtus condor","Amphibians","Anura","Hylidae","Endangered",1,1,"Temperature: annual upper extreme",1
"Hyloscirtus hillisi","Amphibians","Anura","Hylidae","Critically Endangered",1,1,"Temperature: annual upper extreme",1
"Hyloxalus delatorreae","Amphibians","Anura","Dendrobatidae","Critically Endangered",1,1,"Precipitation: seasonal max upper extreme",1
"Hyloxalus leucophaeus","Amphibians","Anura","Dendrobatidae","Data Deficient",1,1,"Precipitation: annual upper extreme",1
"Hyloxalus parcus","Amphibians","Anura","Dendrobatidae","Data Deficient",1,1,"Temperature: annual upper extreme",1
"Hyloxalus patitae","Amphibians","Anura","Dendrobatidae","Data Deficient",1,1,"Precipitation: annual upper extreme",1
"Hyloxalus spilotogaster","Amphibians","Anura","Dendrobatidae","Data Deficient",1,1,"Precipitation: seasonal max upper extreme",1
"Hymenochirus boulengeri","Amphibians","Anura","Pipidae","Data Deficient",5,1,"Precipitation: seasonal min lower extreme",5
"Hynobius chinensis","Amphibians","Caudata","Hynobiidae","Data Deficient",1,1,"Temperature: annual upper extreme",1
"Hynobius osumiensis","Amphibians","Caudata","Hynobiidae","Endangered",1,1,"Temperature: seasonal max upper extreme",1
"Hyperolius jacobseni","Amphibians","Anura","Hyperoliidae","Data Deficient",1,1,"Precipitation: annual lower extreme",1
"Hyperolius quadratomaculatus","Amphibians","Anura","Hyperoliidae","Data Deficient",1,1,"Temperature: seasonal max upper extreme",1
"Hyperolius stenodactylus","Amphibians","Anura","Hyperoliidae","Data Deficient",1,1,"Precipitation: annual lower extreme",1
"Hypogeomys antimena","Mammals","Rodentia","Nesomyidae","Critically Endangered",2,1,"Temperature: annual upper extreme",2
"Hypotaenidia immaculata","Birds","Gruiformes","Rallidae","Least Concern",4,1,"Temperature: seasonal max upper extreme",4
"Hypotaenidia rovianae","Birds","Gruiformes","Rallidae","Least Concern",2,1,"Temperature: annual upper extreme",2
"Hypsilurus ornatus","Reptiles","Squamata","Agamidae","Data Deficient",1,1,"Temperature: annual upper extreme",1
"Ialtris agyrtes","Reptiles","Squamata","Dipsadidae","Endangered",2,1,"Temperature: annual upper extreme",2
"Ichthyophis asplenius","Amphibians","Gymnophiona","Ichthyophiidae","Data Deficient",1,1,"Temperature: seasonal max upper extreme",1
"Ichthyophis biangularis","Amphibians","Gymnophiona","Ichthyophiidae","Near Threatened",1,1,"Temperature: seasonal max upper extreme",1
"Ichthyophis billitonensis","Amphibians","Gymnophiona","Ichthyophiidae","Data Deficient",4,1,"Temperature: annual upper extreme",4
"Ichthyophis pauli","Amphibians","Gymnophiona","Ichthyophiidae","Least Concern",1,1,"Precipitation: annual upper extreme",1
"Ichthyophis weberi","Amphibians","Gymnophiona","Ichthyophiidae","Endangered",2,1,"Precipitation: annual upper extreme",2
"Icterus bonana","Birds","Passeriformes","Icteridae","Vulnerable",1,1,"Temperature: seasonal max upper extreme",1
"Iguana delicatissima","Reptiles","Squamata","Iguanidae","Critically Endangered",1,1,"Temperature: seasonal max upper extreme",1
"Indotyphlops lankaensis","Reptiles","Squamata","Typhlopidae","Critically Endangered",1,1,"Temperature: annual upper extreme",1
"Indotyphlops malcolmi","Reptiles","Squamata","Typhlopidae","Endangered",2,1,"Temperature: annual upper extreme",2
"Indotyphlops meszoelyi","Reptiles","Squamata","Typhlopidae","Data Deficient",1,1,"Temperature: annual upper extreme",1
"Indotyphlops tenebrarum","Reptiles","Squamata","Typhlopidae","Data Deficient",1,1,"Temperature: annual upper extreme",1
"Indotyphlops veddae","Reptiles","Squamata","Typhlopidae","Data Deficient",1,1,"Temperature: annual upper extreme",1
"Indotyphlops violaceus","Reptiles","Squamata","Typhlopidae","Data Deficient",1,1,"Temperature: annual upper extreme",1
"Insulasaurus traanorum","Reptiles","Squamata","Scincidae","Least Concern",1,1,"Precipitation: annual upper extreme",1
"Iranolacerta zagrosica","Reptiles","Squamata","Lacertidae","Least Concern",1,1,"Temperature: annual upper extreme",1
"Ischnocnema bocaina","Amphibians","Anura","Brachycephalidae","Vulnerable",1,1,"Precipitation: annual lower extreme",1
"Ischnocnema pusilla","Amphibians","Anura","Brachycephalidae","Data Deficient",1,1,"Precipitation: annual lower extreme",1
"Isthmura corrugata","Amphibians","Caudata","Plethodontidae","Critically Endangered",1,1,"Temperature: annual upper extreme",1
"Ixalotriton parvus","Amphibians","Caudata","Plethodontidae","Critically Endangered",1,1,"Temperature: annual upper extreme",1
"Japalura dasi","Reptiles","Squamata","Agamidae","Vulnerable",1,1,"Temperature: annual upper extreme",1
"Kaieteurosaurus hindsi","Reptiles","Squamata","Gymnophthalmidae","Data Deficient",1,1,"Precipitation: seasonal max upper extreme",1
"Kalophrynus calciphilus","Amphibians","Anura","Microhylidae","Least Concern",1,1,"Temperature: annual upper extreme",1
"Kalophrynus yongi","Amphibians","Anura","Microhylidae","Critically Endangered",1,1,"Precipitation: seasonal max upper extreme",1
"Kinyongia asheorum","Reptiles","Squamata","Chamaeleonidae","Near Threatened",1,1,"Temperature: annual upper extreme",1
"Lalage leucoptera","Birds","Passeriformes","Campephagidae","Near Threatened",1,1,"Precipitation: annual upper extreme",1
"Lalage newtoni","Birds","Passeriformes","Campephagidae","Critically Endangered",1,1,"Temperature: annual upper extreme",1
"Lampropeltis webbi","Reptiles","Squamata","Colubridae","Data Deficient",1,1,"Temperature: annual upper extreme",1
"Lampropholis elliotensis","Reptiles","Squamata","Scincidae","Not assessed",2,1,"Precipitation: annual upper extreme",2
"Lampropholis mirabilis","Reptiles","Squamata","Scincidae","Least Concern",5,1,"Precipitation: annual upper extreme",5
"Latastia siebenrocki","Reptiles","Squamata","Lacertidae","Data Deficient",1,1,"Temperature: annual upper extreme",1
"Latonia nigriventer","Amphibians","Anura","Alytidae","Critically Endangered",1,1,"Precipitation: annual lower extreme",1
"Leiopython biakensis","Reptiles","Squamata","Pythonidae","Vulnerable",1,1,"Precipitation: annual upper extreme",1
"Leiopython fredparkeri","Reptiles","Squamata","Pythonidae","Vulnerable",2,1,"Temperature: annual upper extreme",2
"Leiopython huonensis","Reptiles","Squamata","Pythonidae","Data Deficient",1,1,"Temperature: annual upper extreme",1
"Lemniscomys hoogstraali","Mammals","Rodentia","Muridae","Data Deficient",4,1,"Precipitation: annual lower extreme",4
"Lepidodactylus bakingibut","Reptiles","Squamata","Gekkonidae","Not assessed",1,1,"Precipitation: annual upper extreme",1
"Lepidodactylus bisakol","Reptiles","Squamata","Gekkonidae","Not assessed",2,1,"Precipitation: annual upper extreme",2
"Lepidodactylus buleli","Reptiles","Squamata","Gekkonidae","Data Deficient",1,1,"Temperature: annual upper extreme",1
"Lepidodactylus dialeukos","Reptiles","Squamata","Gekkonidae","Data Deficient",2,1,"Precipitation: annual upper extreme",2
"Lepidodactylus pollostos","Reptiles","Squamata","Gekkonidae","Data Deficient",5,1,"Precipitation: annual upper extreme",5
"Lepidodactylus shebae","Reptiles","Squamata","Gekkonidae","Data Deficient",1,1,"Temperature: annual upper extreme",1
"Lepilemur aeeclis","Mammals","Primates","Lepilemuridae","Endangered",5,1,"Temperature: annual upper extreme",5
"Lepilemur grewcockorum","Mammals","Primates","Lepilemuridae","Critically Endangered",2,1,"Temperature: seasonal max upper extreme",2
"Lepilemur hollandorum","Mammals","Primates","Lepilemuridae","Critically Endangered",1,1,"Temperature: seasonal max upper extreme",1
"Lepilemur jamesorum","Mammals","Primates","Lepilemuridae","Critically Endangered",2,1,"Temperature: annual upper extreme",2
"Lepilemur microdon","Mammals","Primates","Lepilemuridae","Endangered",1,1,"Precipitation: annual lower extreme",1
"Lepilemur septentrionalis","Mammals","Primates","Lepilemuridae","Critically Endangered",2,1,"Temperature: annual upper extreme",2
"Lepilemur tymerlachsoni","Mammals","Primates","Lepilemuridae","Critically Endangered",1,1,"Temperature: annual upper extreme",1
"Leptobrachella fritinniens","Amphibians","Anura","Megophryidae","Data Deficient",1,1,"Temperature: annual upper extreme",1
"Leptobrachella itiokai","Amphibians","Anura","Megophryidae","Least Concern",1,1,"Temperature: annual upper extreme",1
"Leptobrachella khasiorum","Amphibians","Anura","Megophryidae","Critically Endangered",2,1,"Temperature: annual upper extreme",2
"Leptobrachella lateralis","Amphibians","Anura","Megophryidae","Critically Endangered",1,1,"Temperature: seasonal max upper extreme",1
"Leptobrachella maura","Amphibians","Anura","Megophryidae","Least Concern",2,1,"Precipitation: annual upper extreme",2
"Leptobrachella nokrekensis","Amphibians","Anura","Megophryidae","Data Deficient",1,1,"Temperature: annual upper extreme",1
"Leptobrachium kanowitense","Amphibians","Anura","Megophryidae","Data Deficient",1,1,"Temperature: annual upper extreme",1
"Leptodactylodon axillaris","Amphibians","Anura","Arthroleptidae","Critically Endangered",1,1,"Temperature: annual upper extreme",1
"Leptomantis gadingensis","Amphibians","Anura","Rhacophoridae","Least Concern",2,1,"Temperature: seasonal max upper extreme",2
"Leptomantis penanorum","Amphibians","Anura","Rhacophoridae","Least Concern",1,1,"Temperature: annual upper extreme",1
"Leptosiaphos fuhni","Reptiles","Squamata","Scincidae","Data Deficient",1,1,"Precipitation: seasonal min lower extreme",1
"Lerista anyara","Reptiles","Squamata","Scincidae","Not assessed",1,1,"Temperature: annual upper extreme",1
"Lerista axillaris","Reptiles","Squamata","Scincidae","Data Deficient",1,1,"Temperature: annual upper extreme",1
"Lerista nevinae","Reptiles","Squamata","Scincidae","Critically Endangered",2,1,"Temperature: annual upper extreme",2
"Lerista rochfordensis","Reptiles","Squamata","Scincidae","Vulnerable",1,1,"Precipitation: annual upper extreme",1
"Letheobia weidholzi","Reptiles","Squamata","Typhlopidae","Data Deficient",2,1,"Temperature: annual upper extreme",2
"Liburnascincus scirtetis","Reptiles","Squamata","Scincidae","Least Concern",1,1,"Temperature: annual upper extreme",1
"Limnonectes ferneri","Amphibians","Anura","Dicroglossidae","Endangered",1,1,"Temperature: annual upper extreme",1
"Limnonectes ghoshi","Amphibians","Anura","Dicroglossidae","Data Deficient",2,1,"Temperature: annual upper extreme",2
"Liocichla bugunorum","Birds","Passeriformes","Leiotrichidae","Critically Endangered",1,1,"Temperature: annual upper extreme",1
"Liolaemus antumalguen","Reptiles","Squamata","Liolaemidae","Least Concern",1,1,"Temperature: annual upper extreme",1
"Liolaemus arambarensis","Reptiles","Squamata","Liolaemidae","Endangered",1,1,"Temperature: seasonal max upper extreme",1
"Liolaemus avilai","Reptiles","Squamata","Liolaemidae","Least Concern",1,1,"Precipitation: annual upper extreme",1
"Liolaemus burmeisteri","Reptiles","Squamata","Liolaemidae","Data Deficient",1,1,"Temperature: seasonal max upper extreme",1
"Liolaemus choique","Reptiles","Squamata","Liolaemidae","Least Concern",1,1,"Temperature: seasonal max upper extreme",1
"Liolaemus cranwelli","Reptiles","Squamata","Liolaemidae","Critically Endangered",1,1,"Temperature: annual upper extreme",1
"Liolaemus crepuscularis","Reptiles","Squamata","Liolaemidae","Least Concern",1,1,"Temperature: annual upper extreme",1
"Liolaemus cristiani","Reptiles","Squamata","Liolaemidae","Least Concern",1,1,"Precipitation: seasonal min lower extreme",1
"Liolaemus cuyumhue","Reptiles","Squamata","Liolaemidae","Critically Endangered",2,1,"Temperature: seasonal max upper extreme",2
"Liolaemus ditadai","Reptiles","Squamata","Liolaemidae","Data Deficient",7,1,"Temperature: annual upper extreme",7
"Liolaemus griseus","Reptiles","Squamata","Liolaemidae","Data Deficient",1,1,"Temperature: annual upper extreme",1
"Liolaemus huacahuasicus","Reptiles","Squamata","Liolaemidae","Least Concern",1,1,"Temperature: annual upper extreme",1
"Liolaemus huayra","Reptiles","Squamata","Liolaemidae","Least Concern",1,1,"Precipitation: annual lower extreme",1
"Liolaemus montanus","Reptiles","Squamata","Liolaemidae","Least Concern",1,1,"Temperature: annual upper extreme",1
"Liolaemus puelche","Reptiles","Squamata","Liolaemidae","Least Concern",1,1,"Temperature: seasonal max upper extreme",1
"Liolaemus tristis","Reptiles","Squamata","Liolaemidae","Least Concern",1,1,"Precipitation: annual upper extreme",1
"Liolaemus ubaghsi","Reptiles","Squamata","Liolaemidae","Data Deficient",1,1,"Temperature: annual upper extreme",1
"Liopholidophis dimorphus","Reptiles","Squamata","Pseudoxyrhophiidae","Near Threatened",1,1,"Temperature: annual upper extreme",1
"Lipinia inconspicua","Reptiles","Squamata","Scincidae","Data Deficient",1,1,"Precipitation: seasonal max upper extreme",1
"Litoria albolabris","Amphibians","Anura","Pelodryadidae","Data Deficient",1,1,"Temperature: annual upper extreme",1
"Litoria andiirrmalin","Amphibians","Anura","Pelodryadidae","Vulnerable",1,1,"Temperature: annual upper extreme",1
"Litoria biakensis","Amphibians","Anura","Pelodryadidae","Data Deficient",1,1,"Precipitation: annual upper extreme",1
"Litoria chrisdahli","Amphibians","Anura","Pelodryadidae","Least Concern",1,1,"Temperature: seasonal max upper extreme",1
"Litoria fuscula","Amphibians","Anura","Pelodryadidae","Data Deficient",1,1,"Precipitation: annual upper extreme",1
"Litoria humboldtorum","Amphibians","Anura","Pelodryadidae","Least Concern",2,1,"Precipitation: seasonal max upper extreme",2
"Litoria myola","Amphibians","Anura","Pelodryadidae","Critically Endangered",1,1,"Precipitation: annual upper extreme",1
"Litoria mystax","Amphibians","Anura","Pelodryadidae","Data Deficient",1,1,"Temperature: seasonal max upper extreme",1
"Litoria nullicedens","Amphibians","Anura","Pelodryadidae","Least Concern",1,1,"Temperature: annual upper extreme",1
"Litoria oenicolen","Amphibians","Anura","Pelodryadidae","Least Concern",1,1,"Temperature: annual upper extreme",1
"Litoria pinocchio","Amphibians","Anura","Pelodryadidae","Data Deficient",1,1,"Precipitation: annual upper extreme",1
"Liurana himalayana","Amphibians","Anura","Ceratobatrachidae","Data Deficient",1,1,"Temperature: seasonal max upper extreme",1
"Liurana indica","Amphibians","Anura","Ceratobatrachidae","Data Deficient",1,1,"Temperature: seasonal max upper extreme",1
"Liurana minuta","Amphibians","Anura","Ceratobatrachidae","Data Deficient",1,1,"Temperature: seasonal max upper extreme",1
"Locustella pleskei","Birds","Passeriformes","Locustellidae","Not assessed",6,1,"Temperature: seasonal max upper extreme",6
"Lophuromys chercherensis","Mammals","Rodentia","Muridae","Endangered",2,1,"Precipitation: seasonal min lower extreme",2
"Lophuromys pseudosikapusi","Mammals","Rodentia","Muridae","Endangered",1,1,"Precipitation: seasonal min lower extreme",1
"Loxigilla noctis","Birds","Passeriformes","Thraupidae","Least Concern",1,1,"Temperature: seasonal max upper extreme",1
"Luperosaurus corfieldi","Reptiles","Squamata","Gekkonidae","Data Deficient",1,1,"Precipitation: annual upper extreme",1
"Luperosaurus palawanensis","Reptiles","Squamata","Gekkonidae","Data Deficient",2,1,"Precipitation: annual upper extreme",2
"Lyciasalamandra billae","Amphibians","Caudata","Salamandridae","Endangered",1,1,"Temperature: annual upper extreme",1
"Lycodon solivagus","Reptiles","Squamata","Colubridae","Data Deficient",2,1,"Precipitation: annual upper extreme",2
"Lycophidion semiannule","Reptiles","Squamata","Lamprophiidae","Data Deficient",1,1,"Temperature: annual upper extreme",1
"Lygodactylus mirabilis","Reptiles","Squamata","Gekkonidae","Critically Endangered",1,1,"Temperature: annual upper extreme",1
"Lygodactylus ornatus","Reptiles","Squamata","Gekkonidae","Endangered",1,1,"Temperature: seasonal max upper extreme",1
"Lynchius tabaconas","Amphibians","Anura","Strabomantidae","Least Concern",1,1,"Precipitation: annual upper extreme",1
"Macrotarsomys petteri","Mammals","Rodentia","Nesomyidae","Data Deficient",1,1,"Temperature: annual upper extreme",1
"Madascincus arenicola","Reptiles","Squamata","Scincidae","Critically Endangered",1,1,"Temperature: annual upper extreme",1
"Madatyphlops madagascariensis","Reptiles","Squamata","Typhlopidae","Data Deficient",1,1,"Temperature: annual upper extreme",1
"Malayotyphlops collaris","Reptiles","Squamata","Typhlopidae","Data Deficient",1,1,"Precipitation: annual upper extreme",1
"Malayotyphlops denrorum","Reptiles","Squamata","Typhlopidae","Data Deficient",1,1,"Precipitation: annual upper extreme",1
"Mannophryne riveroi","Amphibians","Anura","Aromobatidae","Endangered",1,1,"Temperature: annual upper extreme",1
"Mantidactylus paidroa","Amphibians","Anura","Mantellidae","Endangered",3,1,"Precipitation: annual lower extreme",3
"Marmosops cracens","Mammals","Didelphimorphia","Didelphidae","Data Deficient",1,1,"Temperature: seasonal max upper extreme",1
"Megapodius geelvinkianus","Birds","Galliformes","Megapodiidae","Near Threatened",1,1,"Precipitation: annual upper extreme",1
"Megophrys baolongensis","Amphibians","Anura","Megophryidae","Critically Endangered",1,1,"Temperature: annual upper extreme",1
"Megophrys binlingensis","Amphibians","Anura","Megophryidae","Vulnerable",1,1,"Temperature: annual upper extreme",1
"Megophrys dzukou","Amphibians","Anura","Megophryidae","Critically Endangered",1,1,"Temperature: annual upper extreme",1
"Megophrys leishanensis","Amphibians","Anura","Megophryidae","Data Deficient",1,1,"Temperature: annual upper extreme",1
"Megophrys liboensis","Amphibians","Anura","Megophryidae","Data Deficient",1,1,"Temperature: annual upper extreme",1
"Megophrys sangzhiensis","Amphibians","Anura","Megophryidae","Critically Endangered",1,1,"Temperature: annual upper extreme",1
"Megophrys tuberogranulata","Amphibians","Anura","Megophryidae","Endangered",3,1,"Temperature: annual upper extreme",3
"Microcebus bongolavensis","Mammals","Primates","Cheirogaleidae","Endangered",6,1,"Temperature: seasonal max upper extreme",6
"Microcebus gerpi","Mammals","Primates","Cheirogaleidae","Critically Endangered",1,1,"Temperature: annual upper extreme",1
"Microcebus jollyae","Mammals","Primates","Cheirogaleidae","Endangered",2,1,"Temperature: annual upper extreme",2
"Microcebus marohita","Mammals","Primates","Cheirogaleidae","Critically Endangered",1,1,"Temperature: annual upper extreme",1
"Microcebus tanosi","Mammals","Primates","Cheirogaleidae","Endangered",2,1,"Temperature: seasonal max upper extreme",2
"Microhyla beilunensis","Amphibians","Anura","Microhylidae","Critically Endangered",1,1,"Temperature: annual upper extreme",1
"Microhyla borneensis","Amphibians","Anura","Microhylidae","Least Concern",1,1,"Temperature: seasonal max upper extreme",1
"Microhyla taraiensis","Amphibians","Anura","Microhylidae","Data Deficient",1,1,"Temperature: annual upper extreme",1
"Micropsitta geelvinkiana","Birds","Psittaciformes","Psittacidae","Least Concern",1,1,"Precipitation: annual upper extreme",1
"Microtus bavaricus","Mammals","Rodentia","Cricetidae","Critically Endangered",2,1,"Temperature: annual upper extreme",2
"Micrurus renjifoi","Reptiles","Squamata","Elapidae","Data Deficient",1,1,"Temperature: annual upper extreme",1
"Micrurus tamaulipensis","Reptiles","Squamata","Elapidae","Data Deficient",1,1,"Temperature: annual upper extreme",1
"Minervarya marathi","Amphibians","Anura","Dicroglossidae","Data Deficient",1,1,"Temperature: annual upper extreme",1
"Minyobates steyermarki","Amphibians","Anura","Dendrobatidae","Critically Endangered",1,1,"Temperature: annual upper extreme",1
"Mitophis leptepileptus","Reptiles","Squamata","Leptotyphlopidae","Critically Endangered",1,1,"Temperature: annual upper extreme",1
"Mitophis pyrites","Reptiles","Squamata","Leptotyphlopidae","Endangered",1,1,"Temperature: annual upper extreme",1
"Monarcha richardsii","Birds","Passeriformes","Monarchidae","Near Threatened",2,1,"Temperature: annual upper extreme",2
"Monodelphis handleyi","Mammals","Didelphimorphia","Didelphidae","Data Deficient",1,1,"Temperature: seasonal max upper extreme",1
"Monodelphis ronaldi","Mammals","Didelphimorphia","Didelphidae","Least Concern",4,1,"Temperature: annual upper extreme",4
"Monticola erythronotus","Birds","Passeriformes","Muscicapidae","Endangered",2,1,"Temperature: annual upper extreme",2
"Morerella cyanophthalma","Amphibians","Anura","Hyperoliidae","Vulnerable",1,1,"Precipitation: seasonal min lower extreme",1
"Mormopterus acetabulosus","Mammals","Chiroptera","Molossidae","Endangered",1,1,"Temperature: seasonal max upper extreme",1
"Musseromys gulantang","Mammals","Rodentia","Muridae","Data Deficient",2,1,"Precipitation: annual upper extreme",2
"Myiagra atra","Birds","Passeriformes","Monarchidae","Near Threatened",1,1,"Precipitation: annual upper extreme",1
"Myiarchus oberi","Birds","Passeriformes","Tyrannidae","Least Concern",1,1,"Temperature: seasonal max upper extreme",1
"Myosorex eisentrauti","Mammals","Eulipotyphla","Soricidae","Critically Endangered",1,1,"Temperature: annual upper extreme",1
"Myzomela eichhorni","Birds","Passeriformes","Meliphagidae","Least Concern",2,1,"Temperature: annual upper extreme",2
"Myzomela rubrobrunnea","Birds","Passeriformes","Meliphagidae","Least Concern",1,1,"Precipitation: annual upper extreme",1
"Nactus galgajuga","Reptiles","Squamata","Gekkonidae","Least Concern",1,1,"Temperature: annual upper extreme",1
"Nannoscincus exos","Reptiles","Squamata","Scincidae","Critically Endangered",1,1,"Temperature: annual upper extreme",1
"Natalus stramineus","Mammals","Chiroptera","Natalidae","Least Concern",1,1,"Temperature: seasonal max upper extreme",1
"Nessia deraniyagalai","Reptiles","Squamata","Scincidae","Data Deficient",1,1,"Temperature: annual upper extreme",1
"Nidirana hainanensis","Amphibians","Anura","Ranidae","Critically Endangered",1,1,"Precipitation: annual upper extreme",1
"Nimbaphrynoides occidentalis","Amphibians","Anura","Bufonidae","Critically Endangered",2,1,"Temperature: annual upper extreme",2
"Noblella madreselva","Amphibians","Anura","Strabomantidae","Critically Endangered",1,1,"Temperature: seasonal max upper extreme",1
"Noblella pygmaea","Amphibians","Anura","Strabomantidae","Least Concern",1,1,"Temperature: annual upper extreme",1
"Noblella usurpator","Amphibians","Anura","Craugastoridae","Not assessed",1,1,"Temperature: annual upper extreme",1
"Nothophryne ribauensis","Amphibians","Anura","Pyxicephalidae","Endangered",2,1,"Temperature: annual upper extreme",2
"Nothophryne unilurio","Amphibians","Anura","Pyxicephalidae","Critically Endangered",1,1,"Temperature: annual upper extreme",1
"Nototriton mime","Amphibians","Caudata","Plethodontidae","Critically Endangered",1,1,"Precipitation: seasonal max upper extreme",1
"Numenius tenuirostris","Birds","Charadriiformes","Scolopacidae","Critically Endangered",26,1,"Temperature: annual upper extreme",26
"Nycteris vinsoni","Mammals","Chiroptera","Nycteridae","Data Deficient",2,1,"Temperature: annual upper extreme",2
"Nyctimystes kuduki","Amphibians","Anura","Pelodryadidae","Data Deficient",1,1,"Temperature: annual upper extreme",1
"Oedipina stuarti","Amphibians","Caudata","Plethodontidae","Data Deficient",1,1,"Temperature: annual upper extreme",1
"Oligodon melaneus","Reptiles","Squamata","Colubridae","Data Deficient",1,1,"Temperature: annual upper extreme",1
"Oligodon meyerinkii","Reptiles","Squamata","Colubridae","Vulnerable",2,1,"Precipitation: seasonal max upper extreme",2
"Oligodon perkinsi","Reptiles","Squamata","Colubridae","Data Deficient",1,1,"Precipitation: annual upper extreme",1
"Oligosoma awakopaka","Reptiles","Squamata","Scincidae","Critically Endangered",1,1,"Temperature: annual upper extreme",1
"Oligosoma pikitanga","Reptiles","Squamata","Scincidae","Critically Endangered",1,1,"Temperature: annual upper extreme",1
"Onychodactylus tsukubaensis","Amphibians","Caudata","Hynobiidae","Critically Endangered",2,1,"Precipitation: seasonal min lower extreme",2
"Ophiomorus streeti","Reptiles","Squamata","Scincidae","Least Concern",1,1,"Temperature: annual upper extreme",1
"Opisthotropis zhaoermii","Reptiles","Squamata","Colubridae","Not assessed",1,1,"Temperature: annual upper extreme",1
"Oreobates gemcare","Amphibians","Anura","Strabomantidae","Least Concern",1,1,"Temperature: annual upper extreme",1
"Oreobates machiguenga","Amphibians","Anura","Strabomantidae","Data Deficient",1,1,"Temperature: seasonal max upper extreme",1
"Oreolalax liangbeiensis","Amphibians","Anura","Megophryidae","Critically Endangered",1,1,"Temperature: seasonal max upper extreme",1
"Oreolalax weigoldi","Amphibians","Anura","Megophryidae","Data Deficient",1,1,"Temperature: seasonal max upper extreme",1
"Oreophryne albitympanum","Amphibians","Anura","Microhylidae","Least Concern",1,1,"Precipitation: annual upper extreme",1
"Oreophryne albomaculata","Amphibians","Anura","Microhylidae","Least Concern",1,1,"Precipitation: annual upper extreme",1
"Oreophryne curator","Amphibians","Anura","Microhylidae","Least Concern",1,1,"Precipitation: annual upper extreme",1
"Oreophryne frontifasciata","Amphibians","Anura","Microhylidae","Data Deficient",2,1,"Temperature: seasonal max upper extreme",2
"Oreophryne furu","Amphibians","Anura","Microhylidae","Least Concern",1,1,"Precipitation: annual upper extreme",1
"Oreophryne geminus","Amphibians","Anura","Microhylidae","Data Deficient",1,1,"Precipitation: annual upper extreme",1
"Oreophryne kampeni","Amphibians","Anura","Microhylidae","Data Deficient",1,1,"Temperature: annual upper extreme",1
"Oreophryne kapisa","Amphibians","Anura","Microhylidae","Least Concern",1,1,"Precipitation: annual upper extreme",1
"Oreophryne minuta","Amphibians","Anura","Microhylidae","Least Concern",1,1,"Precipitation: annual upper extreme",1
"Oreophryne pseudasplenicola","Amphibians","Anura","Microhylidae","Data Deficient",1,1,"Precipitation: annual upper extreme",1
"Oreophryne terrestris","Amphibians","Anura","Microhylidae","Data Deficient",1,1,"Precipitation: annual upper extreme",1
"Oreosaurus rhodogaster","Reptiles","Squamata","Gymnophthalmidae","Critically Endangered",1,1,"Temperature: annual upper extreme",1
"Ornithuroscincus albodorsalis","Reptiles","Squamata","Scincidae","Data Deficient",1,1,"Temperature: seasonal max upper extreme",1
"Oscaecilia koepckeorum","Amphibians","Gymnophiona","Caeciliidae","Data Deficient",1,1,"Temperature: seasonal max upper extreme",1
"Osornophryne puruanta","Amphibians","Anura","Bufonidae","Endangered",1,1,"Precipitation: annual upper extreme",1
"Osteocephalus duellmani","Amphibians","Anura","Hylidae","Data Deficient",1,1,"Temperature: annual upper extreme",1
"Otomops papuensis","Mammals","Chiroptera","Molossidae","Data Deficient",1,1,"Temperature: annual upper extreme",1
"Otus beccarii","Birds","Strigiformes","Strigidae","Near Threatened",1,1,"Precipitation: annual upper extreme",1
"Otus mantananensis","Birds","Strigiformes","Strigidae","Least Concern",1,1,"Precipitation: annual upper extreme",1
"Pachydactylus robertsi","Reptiles","Squamata","Gekkonidae","Least Concern",1,1,"Temperature: seasonal max upper extreme",1
"Paedophryne swiftorum","Amphibians","Anura","Microhylidae","Least Concern",1,1,"Temperature: annual upper extreme",1
"Panolopus marcanoi","Reptiles","Squamata","Diploglossidae","Not assessed",2,1,"Temperature: annual upper extreme",2
"Paracontias brocchii","Reptiles","Squamata","Scincidae","Near Threatened",1,1,"Temperature: annual upper extreme",1
"Paracontias fasika","Reptiles","Squamata","Scincidae","Critically Endangered",1,1,"Temperature: annual upper extreme",1
"Paracontias rothschildi","Reptiles","Squamata","Scincidae","Critically Endangered",1,1,"Temperature: annual upper extreme",1
"Pareudiastes silvestris","Birds","Gruiformes","Rallidae","Critically Endangered",1,1,"Temperature: annual upper extreme",1
"Paroedura lohatsara","Reptiles","Squamata","Gekkonidae","Critically Endangered",1,1,"Temperature: annual upper extreme",1
"Parvoscincus agtorum","Reptiles","Squamata","Scincidae","Data Deficient",1,1,"Temperature: annual upper extreme",1
"Parvoscincus banahaoensis","Reptiles","Squamata","Scincidae","Vulnerable",2,1,"Precipitation: annual upper extreme",2
"Parvoscincus beyeri","Reptiles","Squamata","Scincidae","Vulnerable",2,1,"Precipitation: annual upper extreme",2
"Parvoscincus hadros","Reptiles","Squamata","Scincidae","Data Deficient",1,1,"Temperature: annual upper extreme",1
"Parvoscincus igorotorum","Reptiles","Squamata","Scincidae","Data Deficient",2,1,"Precipitation: annual upper extreme",2
"Parvoscincus sisoni","Reptiles","Squamata","Scincidae","Endangered",2,1,"Precipitation: annual upper extreme",2
"Parvoscincus tikbalangi","Reptiles","Squamata","Scincidae","Critically Endangered",1,1,"Precipitation: annual upper extreme",1
"Pelophryne penrissenensis","Amphibians","Anura","Bufonidae","Least Concern",1,1,"Precipitation: annual upper extreme",1
"Peltophryne armata","Amphibians","Anura","Bufonidae","Critically Endangered",1,1,"Temperature: annual upper extreme",1
"Perameles bougainville","Mammals","Peramelemorphia","Peramelidae","Vulnerable",1,1,"Temperature: annual upper extreme",1
"Petaurus abidi","Mammals","Diprotodontia","Petauridae","Critically Endangered",1,1,"Temperature: seasonal max upper extreme",1
"Petaurus biacensis","Mammals","Diprotodontia","Petauridae","Least Concern",1,1,"Precipitation: annual upper extreme",1
"Phantasmarana bocainensis","Amphibians","Anura","Hylodidae","Data Deficient",1,1,"Precipitation: annual lower extreme",1
"Phapitreron frontalis","Birds","Columbiformes","Columbidae","Critically Endangered",1,1,"Precipitation: annual upper extreme",1
"Phelsuma cepediana","Reptiles","Squamata","Gekkonidae","Least Concern",1,1,"Temperature: seasonal max upper extreme",1
"Phelsuma gouldi","Reptiles","Squamata","Gekkonidae","Data Deficient",1,1,"Temperature: annual upper extreme",1
"Phelsuma guimbeaui","Reptiles","Squamata","Gekkonidae","Endangered",1,1,"Temperature: seasonal max upper extreme",1
"Phelsuma kely","Reptiles","Squamata","Gekkonidae","Data Deficient",1,1,"Temperature: annual upper extreme",1
"Phelsuma ornata","Reptiles","Squamata","Gekkonidae","Least Concern",1,1,"Temperature: seasonal max upper extreme",1
"Phelsuma roesleri","Reptiles","Squamata","Gekkonidae","Endangered",2,1,"Temperature: annual upper extreme",2
"Philautus amoenus","Amphibians","Anura","Rhacophoridae","Least Concern",1,1,"Precipitation: annual upper extreme",1
"Philautus juliandringi","Amphibians","Anura","Rhacophoridae","Near Threatened",1,1,"Temperature: annual upper extreme",1
"Philautus microdiscus","Amphibians","Anura","Rhacophoridae","Critically Endangered",1,1,"Temperature: seasonal max upper extreme",1
"Philautus nephophilus","Amphibians","Anura","Rhacophoridae","Least Concern",1,1,"Precipitation: annual upper extreme",1
"Philautus saueri","Amphibians","Anura","Rhacophoridae","Least Concern",1,1,"Precipitation: annual upper extreme",1
"Philemon fuscicapillus","Birds","Passeriformes","Meliphagidae","Near Threatened",2,1,"Temperature: seasonal max upper extreme",2
"Phrynobatrachus albomarginatus","Amphibians","Anura","Phrynobatrachidae","Data Deficient",4,1,"Precipitation: annual lower extreme",4
"Phrynobatrachus dalcqi","Amphibians","Anura","Phrynobatrachidae","Data Deficient",1,1,"Temperature: annual upper extreme",1
"Phrynobatrachus danko","Amphibians","Anura","Phrynobatrachidae","Endangered",1,1,"Temperature: seasonal max upper extreme",1
"Phrynobatrachus gastoni","Amphibians","Anura","Phrynobatrachidae","Data Deficient",4,1,"Temperature: annual upper extreme",4
"Phrynobatrachus hieroglyphicus","Amphibians","Anura","Phrynobatrachidae","Data Deficient",1,1,"Precipitation: annual lower extreme",1
"Phrynobatrachus njiomock","Amphibians","Anura","Phrynobatrachidae","Critically Endangered",1,1,"Temperature: annual upper extreme",1
"Phrynobatrachus rainerguentheri","Amphibians","Anura","Phrynobatrachidae","Data Deficient",2,1,"Temperature: annual upper extreme",2
"Phrynobatrachus ruthbeateae","Amphibians","Anura","Phrynobatrachidae","Data Deficient",1,1,"Precipitation: seasonal min lower extreme",1
"Phrynobatrachus taiensis","Amphibians","Anura","Phrynobatrachidae","Data Deficient",1,1,"Temperature: annual upper extreme",1
"Phrynopus anancites","Amphibians","Anura","Strabomantidae","Data Deficient",1,1,"Precipitation: seasonal max upper extreme",1
"Phrynopus interstinctus","Amphibians","Anura","Strabomantidae","Data Deficient",1,1,"Precipitation: annual upper extreme",1
"Phyllodactylus dixoni","Reptiles","Squamata","Phyllodactylidae","Least Concern",1,1,"Temperature: annual upper extreme",1
"Phyllodactylus palmeus","Reptiles","Squamata","Phyllodactylidae","Least Concern",1,1,"Precipitation: seasonal max upper extreme",1
"Phyllonastes naturetrekii","Amphibians","Anura","Craugastoridae","Not assessed",1,1,"Precipitation: annual upper extreme",1
"Phyllurus pinnaclensis","Reptiles","Squamata","Carphodactylidae","Critically Endangered",1,1,"Precipitation: annual upper extreme",1
"Phymaturus aguanegra","Reptiles","Squamata","Liolaemidae","Least Concern",1,1,"Precipitation: annual lower extreme",1
"Phymaturus aguedae","Reptiles","Squamata","Liolaemidae","Data Deficient",1,1,"Temperature: seasonal max upper extreme",1
"Phymaturus darwini","Reptiles","Squamata","Liolaemidae","Endangered",1,1,"Temperature: annual upper extreme",1
"Phymaturus denotatus","Reptiles","Squamata","Liolaemidae","Least Concern",1,1,"Precipitation: annual lower extreme",1
"Phymaturus mallimaccii","Reptiles","Squamata","Liolaemidae","Vulnerable",1,1,"Precipitation: annual lower extreme",1
"Phymaturus maulense","Reptiles","Squamata","Liolaemidae","Least Concern",1,1,"Temperature: seasonal max upper extreme",1
"Phymaturus punae","Reptiles","Squamata","Liolaemidae","Least Concern",1,1,"Precipitation: annual lower extreme",1
"Phymaturus sitesi","Reptiles","Squamata","Liolaemidae","Least Concern",1,1,"Temperature: seasonal max upper extreme",1
"Piliocolobus epieni","Mammals","Primates","Cercopithecidae","Critically Endangered",8,1,"Temperature: annual upper extreme",8
"Pithys castaneus","Birds","Passeriformes","Thamnophilidae","Near Threatened",1,1,"Precipitation: seasonal max upper extreme",1
"Pitta morotaiensis","Birds","Passeriformes","Pittidae","Near Threatened",2,1,"Temperature: seasonal max upper extreme",2
"Pitta rosenbergii","Birds","Passeriformes","Pittidae","Near Threatened",1,1,"Precipitation: annual upper extreme",1
"Platyceps afarensis","Reptiles","Squamata","Colubridae","Data Deficient",2,1,"Temperature: annual upper extreme",2
"Platymantis banahao","Amphibians","Anura","Ceratobatrachidae","Near Threatened",2,1,"Precipitation: annual upper extreme",2
"Platymantis biak","Amphibians","Anura","Ceratobatrachidae","Near Threatened",1,1,"Precipitation: annual upper extreme",1
"Platymantis diesmosi","Amphibians","Anura","Ceratobatrachidae","Endangered",1,1,"Precipitation: annual upper extreme",1
"Platymantis indeprensus","Amphibians","Anura","Ceratobatrachidae","Near Threatened",2,1,"Precipitation: annual upper extreme",2
"Platymantis naomii","Amphibians","Anura","Ceratobatrachidae","Near Threatened",2,1,"Precipitation: annual upper extreme",2
"Platymantis pseudodorsalis","Amphibians","Anura","Ceratobatrachidae","Near Threatened",2,1,"Precipitation: annual upper extreme",2
"Platypelis karenae","Amphibians","Anura","Microhylidae","Not assessed",1,1,"Precipitation: seasonal min lower extreme",1
"Platysaurus monotropis","Reptiles","Squamata","Cordylidae","Near Threatened",2,1,"Precipitation: seasonal max upper extreme",2
"Plica pansticta","Reptiles","Squamata","Tropiduridae","Least Concern",1,1,"Temperature: annual upper extreme",1
"Podarcis lilfordi","Reptiles","Squamata","Lacertidae","Endangered",2,1,"Temperature: annual upper extreme",2
"Polypedates subansiriensis","Amphibians","Anura","Rhacophoridae","Data Deficient",1,1,"Temperature: seasonal max upper extreme",1
"Pristimantis almendariz","Amphibians","Anura","Strabomantidae","Critically Endangered",1,1,"Temperature: annual upper extreme",1
"Pristimantis andinogigas","Amphibians","Anura","Strabomantidae","Critically Endangered",1,1,"Temperature: annual upper extreme",1
"Pristimantis atrabracus","Amphibians","Anura","Strabomantidae","Data Deficient",1,1,"Precipitation: seasonal max upper extreme",1
"Pristimantis bustamante","Amphibians","Anura","Strabomantidae","Data Deficient",1,1,"Precipitation: annual upper extreme",1
"Pristimantis caeruleonotus","Amphibians","Anura","Strabomantidae","Data Deficient",1,1,"Temperature: annual upper extreme",1
"Pristimantis cajanuma","Amphibians","Anura","Strabomantidae","Vulnerable",1,1,"Temperature: annual upper extreme",1
"Pristimantis cosnipatae","Amphibians","Anura","Strabomantidae","Critically Endangered",1,1,"Temperature: annual upper extreme",1
"Pristimantis cuneirostris","Amphibians","Anura","Strabomantidae","Data Deficient",1,1,"Precipitation: seasonal max upper extreme",1
"Pristimantis duende","Amphibians","Anura","Strabomantidae","Vulnerable",1,1,"Precipitation: annual upper extreme",1
"Pristimantis geminus","Amphibians","Anura","Strabomantidae","Endangered",1,1,"Temperature: annual upper extreme",1
"Pristimantis hoogmoedi","Amphibians","Anura","Strabomantidae","Critically Endangered",1,1,"Temperature: annual upper extreme",1
"Pristimantis iiap","Amphibians","Anura","Strabomantidae","Data Deficient",2,1,"Temperature: seasonal max upper extreme",2
"Pristimantis lindae","Amphibians","Anura","Strabomantidae","Least Concern",1,1,"Temperature: annual upper extreme",1
"Pristimantis longicorpus","Amphibians","Anura","Strabomantidae","Critically Endangered",1,1,"Temperature: annual upper extreme",1
"Pristimantis loujosti","Amphibians","Anura","Strabomantidae","Data Deficient",1,1,"Precipitation: annual upper extreme",1
"Pristimantis munozi","Amphibians","Anura","Strabomantidae","Data Deficient",1,1,"Precipitation: seasonal max upper extreme",1
"Pristimantis pariagnomus","Amphibians","Anura","Strabomantidae","Endangered",1,1,"Temperature: annual upper extreme",1
"Pristimantis pastazensis","Amphibians","Anura","Strabomantidae","Endangered",1,1,"Precipitation: annual upper extreme",1
"Pristimantis pruinatus","Amphibians","Anura","Strabomantidae","Vulnerable",1,1,"Temperature: annual upper extreme",1
"Pristimantis punzan","Amphibians","Anura","Strabomantidae","Critically Endangered",1,1,"Precipitation: annual upper extreme",1
"Pristimantis puruscafeum","Amphibians","Anura","Strabomantidae","Vulnerable",1,1,"Precipitation: annual upper extreme",1
"Pristimantis seorsus","Amphibians","Anura","Strabomantidae","Data Deficient",1,1,"Temperature: seasonal max upper extreme",1
"Pristimantis tanyrhynchus","Amphibians","Anura","Strabomantidae","Data Deficient",1,1,"Temperature: seasonal max upper extreme",1
"Pristimantis tiktik","Amphibians","Anura","Strabomantidae","Endangered",1,1,"Temperature: annual upper extreme",1
"Pristimantis tungurahua","Amphibians","Anura","Strabomantidae","Endangered",1,1,"Precipitation: annual upper extreme",1
"Pristimantis vilcabambae","Amphibians","Anura","Strabomantidae","Data Deficient",1,1,"Temperature: seasonal max upper extreme",1
"Pristimantis xeniolum","Amphibians","Anura","Strabomantidae","Vulnerable",1,1,"Precipitation: annual upper extreme",1
"Pristurus assareen","Reptiles","Squamata","Sphaerodactylidae","Not assessed",1,1,"Temperature: annual upper extreme",1
"Proceratophrys gladius","Amphibians","Anura","Odontophrynidae","Data Deficient",1,1,"Precipitation: annual lower extreme",1
"Pseudoacontias unicolor","Reptiles","Squamata","Scincidae","Vulnerable",1,1,"Temperature: annual upper extreme",1
"Pseudocalotes larutensis","Reptiles","Squamata","Agamidae","Vulnerable",1,1,"Precipitation: seasonal max upper extreme",1
"Pseudocalotes rhammanotus","Reptiles","Squamata","Agamidae","Data Deficient",1,1,"Temperature: annual upper extreme",1
"Pseudoeurycea ahuitzotl","Amphibians","Caudata","Plethodontidae","Critically Endangered",1,1,"Temperature: annual upper extreme",1
"Pseudoeurycea mixcoatl","Amphibians","Caudata","Plethodontidae","Critically Endangered",1,1,"Temperature: annual upper extreme",1
"Pseudoeurycea robertsi","Amphibians","Caudata","Plethodontidae","Critically Endangered",1,1,"Temperature: annual upper extreme",1
"Pseudoeurycea tenchalli","Amphibians","Caudata","Plethodontidae","Critically Endangered",1,1,"Temperature: annual upper extreme",1
"Pseudoeurycea tlahcuiloh","Amphibians","Caudata","Plethodontidae","Critically Endangered",1,1,"Temperature: annual upper extreme",1
"Pseudogekko hungkag","Reptiles","Squamata","Gekkonidae","Endangered",1,1,"Precipitation: annual upper extreme",1
"Pseudohydromys musseri","Mammals","Rodentia","Muridae","Data Deficient",2,1,"Temperature: seasonal max upper extreme",2
"Pseudohynobius puxiongensis","Amphibians","Caudata","Hynobiidae","Critically Endangered",1,1,"Temperature: seasonal max upper extreme",1
"Pseudorabdion montanum","Reptiles","Squamata","Calamariidae","Data Deficient",1,1,"Precipitation: annual upper extreme",1
"Pseudorabdion talonuran","Reptiles","Squamata","Calamariidae","Vulnerable",1,1,"Precipitation: annual upper extreme",1
"Pteralopex taki","Mammals","Chiroptera","Pteropodidae","Vulnerable",2,1,"Temperature: annual upper extreme",2
"Pternistis camerunensis","Birds","Galliformes","Phasianidae","Endangered",3,1,"Precipitation: seasonal max upper extreme",3
"Pternistis ochropectus","Birds","Galliformes","Phasianidae","Critically Endangered",1,1,"Temperature: annual upper extreme",1
"Pterodroma caribbaea","Birds","Procellariiformes","Procellariidae","Critically Endangered",1,1,"Temperature: annual upper extreme",1
"Pterodroma madeira","Birds","Procellariiformes","Procellariidae","Endangered",1,1,"Temperature: annual upper extreme",1
"Pteronotus paraguanensis","Mammals","Chiroptera","Mormoopidae","Endangered",1,1,"Temperature: seasonal max upper extreme",1
"Pteropus pohlei","Mammals","Chiroptera","Pteropodidae","Vulnerable",2,1,"Precipitation: annual upper extreme",2
"Ptilinopus arcanus","Birds","Columbiformes","Columbidae","Critically Endangered",1,1,"Precipitation: annual upper extreme",1
"Ptychadena boettgeri","Amphibians","Anura","Ptychadenidae","Data Deficient",1,1,"Temperature: annual upper extreme",1
"Ptychadena filwoha","Amphibians","Anura","Ptychadenidae","Data Deficient",3,1,"Precipitation: seasonal min lower extreme",3
"Ptychadena ingeri","Amphibians","Anura","Ptychadenidae","Data Deficient",18,1,"Precipitation: seasonal min lower extreme",18
"Pygomeles petteri","Reptiles","Squamata","Scincidae","Endangered",7,1,"Temperature: seasonal max upper extreme",7
"Qosqophryne flammiventris","Amphibians","Anura","Strabomantidae","Data Deficient",1,1,"Temperature: seasonal max upper extreme",1
"Qosqophryne gymnotis","Amphibians","Anura","Strabomantidae","Least Concern",1,1,"Temperature: seasonal max upper extreme",1
"Ramphotyphlops supranasalis","Reptiles","Squamata","Typhlopidae","Data Deficient",5,1,"Precipitation: annual upper extreme",5
"Ramphotyphlops willeyi","Reptiles","Squamata","Typhlopidae","Data Deficient",1,1,"Precipitation: seasonal max upper extreme",1
"Rana dabieshanensis","Amphibians","Anura","Ranidae","Data Deficient",1,1,"Temperature: annual upper extreme",1
"Rana jiemuxiensis","Amphibians","Anura","Ranidae","Data Deficient",1,1,"Temperature: annual upper extreme",1
"Rana luanchuanensis","Amphibians","Anura","Ranidae","Data Deficient",1,1,"Temperature: annual upper extreme",1
"Rana qianjiang","Amphibians","Anura","Ranidae","Data Deficient",2,1,"Temperature: annual upper extreme",2
"Ranitomeya cyanovittata","Amphibians","Anura","Dendrobatidae","Least Concern",1,1,"Temperature: seasonal max upper extreme",1
"Ranitomeya yavaricola","Amphibians","Anura","Dendrobatidae","Data Deficient",2,1,"Temperature: seasonal max upper extreme",2
"Rattus mollicomulus","Mammals","Rodentia","Muridae","Least Concern",1,1,"Precipitation: annual upper extreme",1
"Regulus madeirensis","Birds","Passeriformes","Regulidae","Least Concern",1,1,"Temperature: annual upper extreme",1
"Rhabdophis barbouri","Reptiles","Squamata","Natricidae","Data Deficient",1,1,"Precipitation: annual upper extreme",1
"Rhacophorus subansiriensis","Amphibians","Anura","Rhacophoridae","Data Deficient",1,1,"Temperature: seasonal max upper extreme",1
"Rhadinella pegosalyta","Reptiles","Squamata","Dipsadidae","Vulnerable",1,1,"Precipitation: seasonal max upper extreme",1
"Rhadinella rogerromani","Reptiles","Squamata","Dipsadidae","Near Threatened",1,1,"Temperature: annual upper extreme",1
"Rhampholeon bruessoworum","Reptiles","Squamata","Chamaeleonidae","Critically Endangered",1,1,"Temperature: annual upper extreme",1
"Rhinella gallardoi","Amphibians","Anura","Bufonidae","Endangered",1,1,"Temperature: annual upper extreme",1
"Rhinogekko misonnei","Reptiles","Squamata","Gekkonidae","Least Concern",1,1,"Temperature: annual upper extreme",1
"Rhipidura kordensis","Birds","Passeriformes","Rhipiduridae","Least Concern",1,1,"Precipitation: annual upper extreme",1
"Rhipidura malaitae","Birds","Passeriformes","Rhipiduridae","Near Threatened",1,1,"Temperature: annual upper extreme",1
"Rhombophryne diadema","Amphibians","Anura","Microhylidae","Not assessed",1,1,"Temperature: annual upper extreme",1
"Rhombophryne matavy","Amphibians","Anura","Microhylidae","Critically Endangered",2,1,"Temperature: annual upper extreme",2
"Rhombophryne testudo","Amphibians","Anura","Microhylidae","Endangered",1,1,"Temperature: annual upper extreme",1
"Rhynchomys banahao","Mammals","Rodentia","Muridae","Least Concern",2,1,"Precipitation: annual upper extreme",2
"Rhynchomys isarogensis","Mammals","Rodentia","Muridae","Vulnerable",1,1,"Precipitation: annual upper extreme",1
"Riama yumborum","Reptiles","Squamata","Gymnophthalmidae","Data Deficient",1,1,"Precipitation: seasonal max upper extreme",1
"Riolama uzzelli","Reptiles","Squamata","Gymnophthalmidae","Least Concern",1,1,"Temperature: annual upper extreme",1
"Rousettus linduensis","Mammals","Chiroptera","Pteropodidae","Data Deficient",1,1,"Precipitation: seasonal max upper extreme",1
"Saltator albicollis","Birds","Passeriformes","Thraupidae","Least Concern",1,1,"Temperature: seasonal max upper extreme",1
"Saproscincus saltus","Reptiles","Squamata","Scincidae","Vulnerable",1,1,"Temperature: annual upper extreme",1
"Sarada superba","Reptiles","Squamata","Agamidae","Critically Endangered",1,1,"Temperature: annual upper extreme",1
"Sarcohyla miahuatlanensis","Amphibians","Anura","Hylidae","Data Deficient",1,1,"Temperature: annual upper extreme",1
"Sarcohyla toyota","Amphibians","Anura","Hylidae","Critically Endangered",1,1,"Temperature: annual upper extreme",1
"Saxicola dacotiae","Birds","Passeriformes","Muscicapidae","Near Threatened",1,1,"Temperature: annual upper extreme",1
"Sceloporus subpictus","Reptiles","Squamata","Phrynosomatidae","Data Deficient",1,1,"Temperature: annual upper extreme",1
"Scelotes fitzsimonsi","Reptiles","Squamata","Scincidae","Least Concern",1,1,"Temperature: annual upper extreme",1
"Scelotes inornatus","Reptiles","Squamata","Scincidae","Critically Endangered",1,1,"Temperature: annual upper extreme",1
"Scelotes poensis","Reptiles","Squamata","Scincidae","Data Deficient",1,1,"Temperature: annual upper extreme",1
"Scelotes vestigifer","Reptiles","Squamata","Scincidae","Least Concern",1,1,"Temperature: annual upper extreme",1
"Scinax dolloi","Amphibians","Anura","Hylidae","Data Deficient",1,1,"Precipitation: annual lower extreme",1
"Scincella apraefrontalis","Reptiles","Squamata","Scincidae","Data Deficient",2,1,"Precipitation: seasonal min lower extreme",2
"Scincella capitanea","Reptiles","Squamata","Scincidae","Least Concern",1,1,"Temperature: annual upper extreme",1
"Sclerophrys perreti","Amphibians","Anura","Bufonidae","Critically Endangered",1,1,"Temperature: annual upper extreme",1
"Scolopax rochussenii","Birds","Charadriiformes","Scolopacidae","Vulnerable",1,1,"Precipitation: annual upper extreme",1
"Scutiger brevipes","Amphibians","Anura","Megophryidae","Data Deficient",1,1,"Temperature: seasonal max upper extreme",1
"Scutiger spinosus","Amphibians","Anura","Megophryidae","Critically Endangered",1,1,"Temperature: annual upper extreme",1
"Scutiger wuguanfui","Amphibians","Anura","Megophryidae","Data Deficient",1,1,"Temperature: annual upper extreme",1
"Scutisorex thori","Mammals","Eulipotyphla","Soricidae","Data Deficient",2,1,"Temperature: annual upper extreme",2
"Setopagis maculosa","Birds","Caprimulgiformes","Caprimulgidae","Data Deficient",2,1,"Temperature: annual upper extreme",2
"Sibon linearis","Reptiles","Squamata","Dipsadidae","Data Deficient",1,1,"Temperature: annual upper extreme",1
"Sibon manzanaresi","Reptiles","Squamata","Dipsadidae","Near Threatened",4,1,"Temperature: annual upper extreme",4
"Sibon merendonensis","Reptiles","Squamata","Dipsadidae","Critically Endangered",1,1,"Temperature: annual upper extreme",1
"Sibon miskitus","Reptiles","Squamata","Dipsadidae","Near Threatened",4,1,"Temperature: annual upper extreme",4
"Sitana bahiri","Reptiles","Squamata","Agamidae","Endangered",1,1,"Temperature: annual upper extreme",1
"Sitana fusca","Reptiles","Squamata","Agamidae","Critically Endangered",1,1,"Temperature: annual upper extreme",1
"Sitana gokakensis","Reptiles","Squamata","Agamidae","Data Deficient",1,1,"Precipitation: annual upper extreme",1
"Solomys sapientis","Mammals","Rodentia","Muridae","Endangered",4,1,"Temperature: seasonal max upper extreme",4
"Soricomys leonardocoi","Mammals","Rodentia","Muridae","Data Deficient",1,1,"Temperature: annual upper extreme",1
"Speleomantes sarrabusensis","Amphibians","Caudata","Plethodontidae","Critically Endangered",1,1,"Temperature: annual upper extreme",1
"Sphaerodactylus bromeliarum","Reptiles","Squamata","Sphaerodactylidae","Data Deficient",1,1,"Temperature: annual upper extreme",1
"Sphaerodactylus elasmorhynchus","Reptiles","Squamata","Sphaerodactylidae","Critically Endangered",1,1,"Temperature: annual upper extreme",1
"Sphaerodactylus epiurus","Reptiles","Squamata","Sphaerodactylidae","Critically Endangered",1,1,"Temperature: annual upper extreme",1
"Sphaerodactylus festus","Reptiles","Squamata","Sphaerodactylidae","Least Concern",1,1,"Temperature: seasonal max upper extreme",1
"Sphaerodactylus lazelli","Reptiles","Squamata","Sphaerodactylidae","Critically Endangered",1,1,"Temperature: annual upper extreme",1
"Sphaerodactylus plummeri","Reptiles","Squamata","Sphaerodactylidae","Endangered",1,1,"Temperature: annual upper extreme",1
"Sphaerodactylus randi","Reptiles","Squamata","Sphaerodactylidae","Endangered",1,1,"Temperature: annual upper extreme",1
"Sphaerodactylus rosaurae","Reptiles","Squamata","Sphaerodactylidae","Least Concern",1,1,"Precipitation: seasonal max upper extreme",1
"Sphaerodactylus ruibali","Reptiles","Squamata","Sphaerodactylidae","Endangered",2,1,"Temperature: annual upper extreme",2
"Sphaerodactylus savagei","Reptiles","Squamata","Sphaerodactylidae","Near Threatened",2,1,"Temperature: annual upper extreme",2
"Sphaerodactylus schwartzi","Reptiles","Squamata","Sphaerodactylidae","Endangered",1,1,"Temperature: annual upper extreme",1
"Sphaerodactylus sommeri","Reptiles","Squamata","Sphaerodactylidae","Critically Endangered",1,1,"Temperature: annual upper extreme",1
"Sphaerodactylus torrei","Reptiles","Squamata","Sphaerodactylidae","Endangered",2,1,"Temperature: annual upper extreme",2
"Sphaerodactylus vincenti","Reptiles","Squamata","Sphaerodactylidae","Least Concern",1,1,"Temperature: seasonal max upper extreme",1
"Sphaerodactylus williamsi","Reptiles","Squamata","Sphaerodactylidae","Critically Endangered",1,1,"Temperature: annual upper extreme",1
"Sphaerotheca strachani","Amphibians","Anura","Dicroglossidae","Data Deficient",1,1,"Temperature: annual upper extreme",1
"Sphenomorphus annectens","Reptiles","Squamata","Scincidae","Data Deficient",1,1,"Temperature: annual upper extreme",1
"Sphenomorphus apalpebratus","Reptiles","Squamata","Scincidae","Near Threatened",2,1,"Temperature: annual upper extreme",2
"Sphenomorphus bacboensis","Reptiles","Squamata","Scincidae","Data Deficient",1,1,"Precipitation: seasonal min lower extreme",1
"Sphenomorphus crassus","Reptiles","Squamata","Scincidae","Data Deficient",1,1,"Precipitation: annual upper extreme",1
"Sphenomorphus diwata","Reptiles","Squamata","Scincidae","Data Deficient",1,1,"Temperature: annual upper extreme",1
"Sphenomorphus senja","Reptiles","Squamata","Scincidae","Data Deficient",1,1,"Precipitation: seasonal max upper extreme",1
"Sphenomorphus tenuiculus","Reptiles","Squamata","Scincidae","Data Deficient",1,1,"Precipitation: annual upper extreme",1
"Sphenomorphus transversus","Reptiles","Squamata","Scincidae","Data Deficient",1,1,"Temperature: annual upper extreme",1
"Sphenophryne miniafia","Amphibians","Anura","Microhylidae","Least Concern",1,1,"Temperature: annual upper extreme",1
"Sphenophryne similis","Amphibians","Anura","Microhylidae","Data Deficient",1,1,"Temperature: annual upper extreme",1
"Spilocuscus wilsoni","Mammals","Diprotodontia","Phalangeridae","Critically Endangered",1,1,"Precipitation: annual upper extreme",1
"Spinomantis nussbaumi","Amphibians","Anura","Mantellidae","Critically Endangered",1,1,"Temperature: annual upper extreme",1
"Stefania breweri","Amphibians","Anura","Hemiphractidae","Vulnerable",1,1,"Temperature: annual upper extreme",1
"Stumpffia achillei","Amphibians","Anura","Microhylidae","Not assessed",1,1,"Temperature: annual upper extreme",1
"Stumpffia analamaina","Amphibians","Anura","Microhylidae","Critically Endangered",1,1,"Temperature: annual upper extreme",1
"Stumpffia betampona","Amphibians","Anura","Microhylidae","Not assessed",1,1,"Precipitation: seasonal min lower extreme",1
"Stumpffia davidattenboroughi","Amphibians","Anura","Microhylidae","Not assessed",1,1,"Precipitation: seasonal min lower extreme",1
"Stumpffia diutissima","Amphibians","Anura","Microhylidae","Not assessed",1,1,"Temperature: annual upper extreme",1
"Stumpffia huwei","Amphibians","Anura","Microhylidae","Not assessed",1,1,"Temperature: annual upper extreme",1
"Stumpffia jeannoeli","Amphibians","Anura","Microhylidae","Not assessed",1,1,"Precipitation: seasonal min lower extreme",1
"Stumpffia larinki","Amphibians","Anura","Microhylidae","Not assessed",1,1,"Temperature: annual upper extreme",1
"Stumpffia madagascariensis","Amphibians","Anura","Microhylidae","Endangered",1,1,"Temperature: annual upper extreme",1
"Stumpffia maledicta","Amphibians","Anura","Microhylidae","Not assessed",2,1,"Temperature: annual upper extreme",2
"Stumpffia meikeae","Amphibians","Anura","Microhylidae","Not assessed",1,1,"Temperature: annual upper extreme",1
"Stumpffia miovaova","Amphibians","Anura","Microhylidae","Not assessed",1,1,"Temperature: annual upper extreme",1
"Stumpffia obscoena","Amphibians","Anura","Microhylidae","Not assessed",1,1,"Temperature: annual upper extreme",1
"Stumpffia pygmaea","Amphibians","Anura","Microhylidae","Endangered",1,1,"Temperature: annual upper extreme",1
"Stumpffia spandei","Amphibians","Anura","Microhylidae","Not assessed",1,1,"Temperature: seasonal max upper extreme",1
"Stumpffia staffordi","Amphibians","Anura","Microhylidae","Vulnerable",1,1,"Temperature: annual upper extreme",1
"Stumpffia tridactyla","Amphibians","Anura","Microhylidae","Data Deficient",1,1,"Temperature: annual upper extreme",1
"Stumpffia yanniki","Amphibians","Anura","Microhylidae","Not assessed",2,1,"Temperature: seasonal max upper extreme",2
"Sturnira angeli","Mammals","Chiroptera","Phyllostomidae","Near Threatened",1,1,"Temperature: seasonal max upper extreme",1
"Suncus ater","Mammals","Eulipotyphla","Soricidae","Data Deficient",1,1,"Precipitation: annual upper extreme",1
"Sundasciurus moellendorffi","Mammals","Rodentia","Sciuridae","Near Threatened",1,1,"Precipitation: annual upper extreme",1
"Surdisorex schlitteri","Mammals","Eulipotyphla","Soricidae","Data Deficient",1,1,"Temperature: annual upper extreme",1
"Sylvisorex akaibei","Mammals","Eulipotyphla","Soricidae","Data Deficient",5,1,"Precipitation: seasonal min lower extreme",5
"Sylvisorex isabellae","Mammals","Eulipotyphla","Soricidae","Vulnerable",1,1,"Temperature: annual upper extreme",1
"Symposiachrus boanensis","Birds","Passeriformes","Monarchidae","Critically Endangered",1,1,"Precipitation: annual upper extreme",1
"Symposiachrus brehmii","Birds","Passeriformes","Monarchidae","Near Threatened",1,1,"Precipitation: annual upper extreme",1
"Symposiachrus browni","Birds","Passeriformes","Monarchidae","Near Threatened",2,1,"Temperature: annual upper extreme",2
"Synophis zaheri","Reptiles","Squamata","Dipsadidae","Vulnerable",1,1,"Temperature: annual upper extreme",1
"Takydromus haughtonianus","Reptiles","Squamata","Lacertidae","Data Deficient",1,1,"Temperature: annual upper extreme",1
"Tanysiptera riedelii","Birds","Coraciiformes","Alcedinidae","Near Threatened",1,1,"Precipitation: annual upper extreme",1
"Tarentola angustimentalis","Reptiles","Squamata","Phyllodactylidae","Least Concern",1,1,"Temperature: annual upper extreme",1
"Techmarscincus jigurru","Reptiles","Squamata","Scincidae","Vulnerable",1,1,"Temperature: annual upper extreme",1
"Telmatobius necopinus","Amphibians","Anura","Telmatobiidae","Data Deficient",1,1,"Precipitation: seasonal max upper extreme",1
"Tepuihyla aecii","Amphibians","Anura","Hylidae","Near Threatened",2,1,"Temperature: annual upper extreme",2
"Tepuihyla shushupe","Amphibians","Anura","Hylidae","Least Concern",1,1,"Precipitation: annual upper extreme",1
"Tetracheilostoma bilineatum","Reptiles","Squamata","Leptotyphlopidae","Least Concern",1,1,"Temperature: seasonal max upper extreme",1
"Thorius grandis","Amphibians","Caudata","Plethodontidae","Critically Endangered",1,1,"Temperature: annual upper extreme",1
"Thorius infernalis","Amphibians","Caudata","Plethodontidae","Critically Endangered",1,1,"Temperature: annual upper extreme",1
"Thorius lunaris","Amphibians","Caudata","Plethodontidae","Critically Endangered",1,1,"Temperature: annual upper extreme",1
"Thorius narismagnus","Amphibians","Caudata","Plethodontidae","Critically Endangered",1,1,"Temperature: annual upper extreme",1
"Thorius spilogaster","Amphibians","Caudata","Plethodontidae","Critically Endangered",1,1,"Temperature: annual upper extreme",1
"Thripophaga cherriei","Birds","Passeriformes","Furnariidae","Vulnerable",1,1,"Temperature: annual upper extreme",1
"Tonkinomys daovantieni","Mammals","Rodentia","Muridae","Data Deficient",1,1,"Precipitation: seasonal min lower extreme",1
"Toxicocalamus grandis","Reptiles","Squamata","Elapidae","Data Deficient",1,1,"Precipitation: seasonal max upper extreme",1
"Toxicocalamus pachysomus","Reptiles","Squamata","Elapidae","Data Deficient",1,1,"Temperature: annual upper extreme",1
"Trachylepis lavarambo","Reptiles","Squamata","Scincidae","Vulnerable",1,1,"Temperature: annual upper extreme",1
"Trichoglossus rosenbergii","Birds","Psittaciformes","Psittacidae","Vulnerable",1,1,"Precipitation: annual upper extreme",1
"Trimeresurus malcolmi","Reptiles","Squamata","Viperidae","Near Threatened",1,1,"Precipitation: annual upper extreme",1
"Trioceros balebicornutus","Reptiles","Squamata","Chamaeleonidae","Near Threatened",4,1,"Precipitation: seasonal min lower extreme",4
"Trioceros feae","Reptiles","Squamata","Chamaeleonidae","Near Threatened",1,1,"Temperature: annual upper extreme",1
"Trioceros kinetensis","Reptiles","Squamata","Chamaeleonidae","Data Deficient",1,1,"Precipitation: seasonal min lower extreme",1
"Trioceros ntunte","Reptiles","Squamata","Chamaeleonidae","Data Deficient",1,1,"Temperature: annual upper extreme",1
"Trochilus scitulus","Birds","Caprimulgiformes","Trochilidae","Least Concern",1,1,"Temperature: annual upper extreme",1
"Tropidophis hendersoni","Reptiles","Squamata","Tropidophiidae","Endangered",2,1,"Temperature: annual upper extreme",2
"Tropidophis xanthogaster","Reptiles","Squamata","Tropidophiidae","Least Concern",1,1,"Temperature: annual upper extreme",1
"Tropidophorus murphyi","Reptiles","Squamata","Scincidae","Least Concern",1,1,"Precipitation: seasonal min lower extreme",1
"Typhlops agoralionis","Reptiles","Squamata","Typhlopidae","Critically Endangered",1,1,"Temperature: annual upper extreme",1
"Typhlops syntherus","Reptiles","Squamata","Typhlopidae","Endangered",2,1,"Temperature: annual upper extreme",2
"Tytthoscincus batupanggah","Reptiles","Squamata","Scincidae","Data Deficient",1,1,"Precipitation: annual upper extreme",1
"Tytthoscincus leproauricularis","Reptiles","Squamata","Scincidae","Data Deficient",1,1,"Precipitation: annual upper extreme",1
"Tytthoscincus panchorensis","Reptiles","Squamata","Scincidae","Data Deficient",1,1,"Temperature: annual upper extreme",1
"Uromys boeadii","Mammals","Rodentia","Muridae","Critically Endangered",1,1,"Precipitation: annual upper extreme",1
"Uroplatus finiavana","Reptiles","Squamata","Gekkonidae","Near Threatened",2,1,"Temperature: annual upper extreme",2
"Vandijkophrynus inyangae","Amphibians","Anura","Bufonidae","Vulnerable",1,1,"Temperature: annual upper extreme",1
"Varanus boehmei","Reptiles","Squamata","Varanidae","Data Deficient",2,1,"Precipitation: annual upper extreme",2
"Varanus kordensis","Reptiles","Squamata","Varanidae","Data Deficient",1,1,"Precipitation: annual upper extreme",1
"Varanus macraei","Reptiles","Squamata","Varanidae","Endangered",2,1,"Precipitation: annual upper extreme",2
"Varanus reisingeri","Reptiles","Squamata","Varanidae","Data Deficient",1,1,"Precipitation: annual upper extreme",1
"Varanus spinulosus","Reptiles","Squamata","Varanidae","Least Concern",4,1,"Temperature: seasonal max upper extreme",4
"Vitreorana castroviejoi","Amphibians","Anura","Centrolenidae","Endangered",1,1,"Temperature: annual upper extreme",1
"Wakea madinika","Amphibians","Anura","Mantellidae","Data Deficient",1,1,"Temperature: annual upper extreme",1
"Wolterstorffina chirioi","Amphibians","Anura","Bufonidae","Critically Endangered",1,1,"Temperature: annual upper extreme",1
"Xenorhina brachyrhyncha","Amphibians","Anura","Microhylidae","Data Deficient",1,1,"Temperature: annual upper extreme",1
"Xenorhina lanthanites","Amphibians","Anura","Microhylidae","Data Deficient",1,1,"Precipitation: annual upper extreme",1
"Xenorhina multisica","Amphibians","Anura","Microhylidae","Least Concern",1,1,"Precipitation: annual upper extreme",1
"Xenorhina varia","Amphibians","Anura","Microhylidae","Data Deficient",1,1,"Precipitation: annual upper extreme",1
"Xenotyphlops mocquardi","Reptiles","Squamata","Typhlopidae","Data Deficient",1,1,"Temperature: annual upper extreme",1
"Zhangixalus wui","Amphibians","Anura","Rhacophoridae","Vulnerable",1,1,"Temperature: annual upper extreme",1
"Zosterops brunneus","Birds","Passeriformes","Zosteropidae","Vulnerable",1,1,"Temperature: annual upper extreme",1
"Zosterops kulambangrae","Birds","Passeriformes","Zosteropidae","Least Concern",2,1,"Temperature: annual upper extreme",2
"Zosterops mauritianus","Birds","Passeriformes","Zosteropidae","Least Concern",1,1,"Temperature: seasonal max upper extreme",1
"Zosterops mysorensis","Birds","Passeriformes","Zosteropidae","Near Threatened",1,1,"Precipitation: annual upper extreme",1
"Zosterornis hypogrammicus","Birds","Passeriformes","Zosteropidae","Least Concern",1,1,"Precipitation: annual upper extreme",1
"Zosterornis nigrorum","Birds","Passeriformes","Zosteropidae","Endangered",1,1,"Precipitation: annual upper extreme",1
"Ichnotropis chapini","Reptiles","Squamata","Lacertidae","Endangered",15,0.933,"Precipitation: seasonal min lower extreme",14
"Macrotarsomys ingens","Mammals","Rodentia","Nesomyidae","Endangered",9,0.889,"Temperature: seasonal max upper extreme",8
"Stegonotus derooijae","Reptiles","Squamata","Colubridae","Data Deficient",8,0.875,"Precipitation: annual upper extreme",7
"Stegonotus iridis","Reptiles","Squamata","Colubridae","Least Concern",8,0.875,"Precipitation: annual upper extreme",7
"Ctenotus terrareginae","Reptiles","Squamata","Scincidae","Least Concern",12,0.833,"Precipitation: annual upper extreme",10
"Ebenavia maintimainty","Reptiles","Squamata","Gekkonidae","Endangered",12,0.833,"Precipitation: seasonal max upper extreme",10
"Cicinnurus respublica","Birds","Passeriformes","Paradisaeidae","Near Threatened",5,0.8,"Precipitation: annual upper extreme",4
"Compsophis albiventris","Reptiles","Squamata","Pseudoxyrhophiidae","Near Threatened",5,0.8,"Temperature: annual upper extreme",4
"Cophixalus rajampatensis","Amphibians","Anura","Microhylidae","Data Deficient",5,0.8,"Precipitation: annual upper extreme",4
"Cyrtodactylus zugi","Reptiles","Squamata","Gekkonidae","Least Concern",5,0.8,"Precipitation: annual upper extreme",4
"Hynobius unisacculus","Amphibians","Caudata","Hynobiidae","Endangered",5,0.8,"Temperature: seasonal max upper extreme",4
"Myotis stalkeri","Mammals","Chiroptera","Vespertilionidae","Least Concern",5,0.8,"Precipitation: annual upper extreme",4
"Paradisaea rubra","Birds","Passeriformes","Paradisaeidae","Near Threatened",5,0.8,"Precipitation: annual upper extreme",4
"Pitohui cerviniventris","Birds","Passeriformes","Oriolidae","Least Concern",5,0.8,"Precipitation: annual upper extreme",4
"Pristimantis tantanti","Amphibians","Anura","Strabomantidae","Least Concern",5,0.8,"Temperature: seasonal max upper extreme",4
"Pyxis planicauda","Reptiles","Testudines","Testudinidae","Critically Endangered",5,0.8,"Temperature: annual upper extreme",4
"Tauraco ruspolii","Birds","Musophagiformes","Musophagidae","Near Threatened",25,0.8,"Precipitation: seasonal min lower extreme",20
"Voeltzkowia mira","Reptiles","Squamata","Scincidae","Endangered",14,0.786,"Temperature: annual upper extreme",11
"Dobsonia beauforti","Mammals","Chiroptera","Pteropodidae","Least Concern",9,0.778,"Precipitation: annual upper extreme",7
"Avahi cleesei","Mammals","Primates","Indriidae","Critically Endangered",4,0.75,"Temperature: annual upper extreme",3
"Crocidura musseri","Mammals","Eulipotyphla","Soricidae","Data Deficient",4,0.75,"Precipitation: seasonal max upper extreme",3
"Galidictis grandidieri","Mammals","Carnivora","Eupleridae","Endangered",8,0.75,"Precipitation: seasonal max upper extreme",6
"Gehyra leopoldi","Reptiles","Squamata","Gekkonidae","Data Deficient",8,0.75,"Precipitation: annual upper extreme",6
"Lepilemur otto","Mammals","Primates","Lepilemuridae","Endangered",12,0.75,"Temperature: annual upper extreme",9
"Letheobia episcopus","Reptiles","Squamata","Typhlopidae","Data Deficient",4,0.75,"Temperature: seasonal max upper extreme",3
"Litoria vagabunda","Amphibians","Anura","Pelodryadidae","Data Deficient",4,0.75,"Precipitation: annual upper extreme",3
"Lygodactylus montiscaeruli","Reptiles","Squamata","Gekkonidae","Least Concern",4,0.75,"Precipitation: seasonal max upper extreme",3
"Madatyphlops rajeryi","Reptiles","Squamata","Typhlopidae","Data Deficient",4,0.75,"Precipitation: annual lower extreme",3
"Microcebus berthae","Mammals","Primates","Cheirogaleidae","Critically Endangered",4,0.75,"Temperature: annual upper extreme",3
"Opisthotropis tamdaoensis","Reptiles","Squamata","Natricidae","Data Deficient",4,0.75,"Precipitation: seasonal min lower extreme",3
"Plecturocebus olallae","Mammals","Primates","Pitheciidae","Critically Endangered",4,0.75,"Temperature: annual upper extreme",3
"Ptychadena harenna","Amphibians","Anura","Ptychadenidae","Data Deficient",4,0.75,"Precipitation: seasonal min lower extreme",3
"Rattus timorensis","Mammals","Rodentia","Muridae","Data Deficient",4,0.75,"Precipitation: seasonal max upper extreme",3
"Rhabdophis angeli","Reptiles","Squamata","Natricidae","Data Deficient",4,0.75,"Precipitation: seasonal min lower extreme",3
"Rhampholeon tilburyi","Reptiles","Squamata","Chamaeleonidae","Endangered",4,0.75,"Temperature: annual upper extreme",3
"Steatomys jacksoni","Mammals","Rodentia","Nesomyidae","Data Deficient",4,0.75,"Temperature: annual upper extreme",3
"Brookesia dentata","Reptiles","Squamata","Chamaeleonidae","Endangered",11,0.727,"Temperature: seasonal max upper extreme",8
"Voalavo antsahabensis","Mammals","Rodentia","Nesomyidae","Endangered",7,0.714,"Temperature: seasonal max upper extreme",5
"Ducula myristicivora","Birds","Columbiformes","Columbidae","Least Concern",10,0.7,"Precipitation: annual upper extreme",7
"Letheobia sudanensis","Reptiles","Squamata","Typhlopidae","Least Concern",93,0.699,"Precipitation: seasonal min lower extreme",65
"Gephyromantis verrucosus","Amphibians","Anura","Mantellidae","Least Concern",13,0.692,"Temperature: seasonal max upper extreme",9
"Miniopterus griffithsi","Mammals","Chiroptera","Miniopteridae","Data Deficient",16,0.688,"Precipitation: seasonal max upper extreme",11
"Alluaudina mocquardi","Reptiles","Squamata","Pseudoxyrhophiidae","Endangered",3,0.667,"Temperature: annual upper extreme",2
"Ambystoma flavipiperatum","Amphibians","Caudata","Ambystomatidae","Endangered",3,0.667,"Temperature: annual upper extreme",2
"Anodonthyla nigrigularis","Amphibians","Anura","Microhylidae","Endangered",3,0.667,"Temperature: annual upper extreme",2
"Anolis cuscoensis","Reptiles","Squamata","Anolidae","Least Concern",3,0.667,"Temperature: seasonal max upper extreme",2
"Anolis ruibali","Reptiles","Squamata","Anolidae","Endangered",3,0.667,"Temperature: annual upper extreme",2
"Aplonis dichroa","Birds","Passeriformes","Sturnidae","Least Concern",3,0.667,"Temperature: annual upper extreme",2
"Arthroleptis formosus","Amphibians","Anura","Arthroleptidae","Data Deficient",3,0.667,"Precipitation: seasonal max upper extreme",2
"Brookesia confidens","Reptiles","Squamata","Chamaeleonidae","Near Threatened",3,0.667,"Temperature: annual upper extreme",2
"Bufoides meghalayanus","Amphibians","Anura","Bufonidae","Critically Endangered",3,0.667,"Temperature: annual upper extreme",2
"Callulops mediodiscus","Amphibians","Anura","Microhylidae","Least Concern",3,0.667,"Precipitation: annual upper extreme",2
"Celestus molesworthi","Reptiles","Squamata","Anguidae","Endangered",3,0.667,"Temperature: annual upper extreme",2
"Centrolene condor","Amphibians","Anura","Centrolenidae","Endangered",6,0.667,"Temperature: annual upper extreme",4
"Ceyx gentianus","Birds","Coraciiformes","Alcedinidae","Least Concern",3,0.667,"Temperature: annual upper extreme",2
"Conraua derooi","Amphibians","Anura","Conrauidae","Critically Endangered",3,0.667,"Precipitation: seasonal min lower extreme",2
"Crenadactylus tuberculatus","Reptiles","Squamata","Diplodactylidae","Least Concern",3,0.667,"Temperature: seasonal max upper extreme",2
"Crithagra flavigula","Birds","Passeriformes","Fringillidae","Endangered",6,0.667,"Precipitation: seasonal min lower extreme",4
"Crocidura eisentrauti","Mammals","Eulipotyphla","Soricidae","Vulnerable",3,0.667,"Precipitation: annual upper extreme",2
"Crocidura harenna","Mammals","Eulipotyphla","Soricidae","Critically Endangered",3,0.667,"Precipitation: seasonal min lower extreme",2
"Crocidura nana","Mammals","Eulipotyphla","Soricidae","Data Deficient",3,0.667,"Precipitation: seasonal min lower extreme",2
"Ctenotus zastictus","Reptiles","Squamata","Scincidae","Near Threatened",3,0.667,"Temperature: annual upper extreme",2
"Cyrtodactylus khasiensis","Reptiles","Squamata","Gekkonidae","Data Deficient",3,0.667,"Temperature: annual upper extreme",2
"Delma tealei","Reptiles","Squamata","Pygopodidae","Endangered",3,0.667,"Temperature: seasonal max upper extreme",2
"Dicaeum tristrami","Birds","Passeriformes","Dicaeidae","Least Concern",3,0.667,"Temperature: annual upper extreme",2
"Diplodactylus capensis","Reptiles","Squamata","Diplodactylidae","Near Threatened",3,0.667,"Temperature: seasonal max upper extreme",2
"Edolisoma salomonis","Birds","Passeriformes","Campephagidae","Least Concern",3,0.667,"Temperature: annual upper extreme",2
"Eleutherodactylus glaucoreius","Amphibians","Anura","Eleutherodactylidae","Endangered",3,0.667,"Temperature: annual upper extreme",2
"Eleutherodactylus tonyi","Amphibians","Anura","Eleutherodactylidae","Vulnerable",3,0.667,"Temperature: annual upper extreme",2
"Emoia maculata","Reptiles","Squamata","Scincidae","Least Concern",3,0.667,"Temperature: annual upper extreme",2
"Geocapromys brownii","Mammals","Rodentia","Capromyidae","Endangered",3,0.667,"Temperature: annual upper extreme",2
"Gephyromantis hintelmannae","Amphibians","Anura","Mantellidae","Endangered",6,0.667,"Temperature: seasonal max upper extreme",4
"Gerrhopilus fredparkeri","Reptiles","Squamata","Gerrhopilidae","Data Deficient",3,0.667,"Temperature: annual upper extreme",2
"Hypsilurus macrolepis","Reptiles","Squamata","Agamidae","Near Threatened",3,0.667,"Temperature: annual upper extreme",2
"Leiocephalus lunatus","Reptiles","Squamata","Tropiduridae","Least Concern",3,0.667,"Temperature: annual upper extreme",2
"Leiocephalus rhutidira","Reptiles","Squamata","Tropiduridae","Critically Endangered",3,0.667,"Temperature: seasonal max upper extreme",2
"Lepidodactylus browni","Reptiles","Squamata","Gekkonidae","Data Deficient",3,0.667,"Temperature: annual upper extreme",2
"Liolaemus maldonadae","Reptiles","Squamata","Liolaemidae","Least Concern",3,0.667,"Temperature: seasonal max upper extreme",2
"Litoria spartacus","Amphibians","Anura","Pelodryadidae","Data Deficient",3,0.667,"Precipitation: annual upper extreme",2
"Lyciasalamandra luschani","Amphibians","Caudata","Salamandridae","Endangered",3,0.667,"Temperature: seasonal max upper extreme",2
"Lygisaurus parrhasius","Reptiles","Squamata","Scincidae","Least Concern",3,0.667,"Temperature: seasonal max upper extreme",2
"Lygodactylus expectatus","Reptiles","Squamata","Gekkonidae","Near Threatened",3,0.667,"Temperature: annual upper extreme",2
"Lygodactylus rarus","Reptiles","Squamata","Gekkonidae","Near Threatened",3,0.667,"Temperature: annual upper extreme",2
"Lygosoma schneideri","Reptiles","Squamata","Scincidae","Data Deficient",6,0.667,"Temperature: seasonal max upper extreme",4
"Megophrys flavipunctata","Amphibians","Anura","Megophryidae","Endangered",3,0.667,"Temperature: annual upper extreme",2
"Meliarchus sclateri","Birds","Passeriformes","Meliphagidae","Least Concern",3,0.667,"Temperature: annual upper extreme",2
"Microcebus ravelobensis","Mammals","Primates","Cheirogaleidae","Vulnerable",15,0.667,"Temperature: seasonal max upper extreme",10
"Minervarya sengupti","Amphibians","Anura","Dicroglossidae","Endangered",3,0.667,"Temperature: annual upper extreme",2
"Monarcha megarhynchus","Birds","Passeriformes","Monarchidae","Least Concern",3,0.667,"Temperature: annual upper extreme",2
"Myiagra cervinicauda","Birds","Passeriformes","Monarchidae","Near Threatened",3,0.667,"Temperature: annual upper extreme",2
"Myzomela tristrami","Birds","Passeriformes","Meliphagidae","Least Concern",3,0.667,"Temperature: annual upper extreme",2
"Ninox roseoaxillaris","Birds","Strigiformes","Strigidae","Vulnerable",3,0.667,"Temperature: annual upper extreme",2
"Otomys burtoni","Mammals","Rodentia","Muridae","Endangered",3,0.667,"Precipitation: annual upper extreme",2
"Paratelmatobius gaigeae","Amphibians","Anura","Leptodactylidae","Endangered",3,0.667,"Precipitation: annual lower extreme",2
"Parvoscincus palaliensis","Reptiles","Squamata","Scincidae","Least Concern",3,0.667,"Precipitation: annual upper extreme",2
"Paulamys naso","Mammals","Rodentia","Muridae","Endangered",3,0.667,"Precipitation: seasonal max upper extreme",2
"Phrynobatrachus inexpectatus","Amphibians","Anura","Phrynobatrachidae","Data Deficient",3,0.667,"Precipitation: seasonal min lower extreme",2
"Phyllodactylus sommeri","Reptiles","Squamata","Phyllodactylidae","Critically Endangered",3,0.667,"Temperature: seasonal max upper extreme",2
"Phymaturus delheyi","Reptiles","Squamata","Liolaemidae","Least Concern",3,0.667,"Temperature: seasonal max upper extreme",2
"Proctoporus lacertus","Reptiles","Squamata","Gymnophthalmidae","Least Concern",6,0.667,"Temperature: seasonal max upper extreme",4
"Protobothrops trungkhanhensis","Reptiles","Squamata","Viperidae","Endangered",3,0.667,"Precipitation: seasonal min lower extreme",2
"Pseudogekko smaragdinus","Reptiles","Squamata","Gekkonidae","Least Concern",3,0.667,"Precipitation: annual upper extreme",2
"Pteropus cognatus","Mammals","Chiroptera","Pteropodidae","Vulnerable",3,0.667,"Temperature: annual upper extreme",2
"Ptilinopus eugeniae","Birds","Columbiformes","Columbidae","Least Concern",3,0.667,"Temperature: annual upper extreme",2
"Ramphotyphlops mansuetus","Reptiles","Squamata","Typhlopidae","Data Deficient",3,0.667,"Temperature: annual upper extreme",2
"Rattus hainaldi","Mammals","Rodentia","Muridae","Endangered",3,0.667,"Precipitation: seasonal max upper extreme",2
"Rena bressoni","Reptiles","Squamata","Leptotyphlopidae","Data Deficient",3,0.667,"Temperature: annual upper extreme",2
"Rhipidura tenebrosa","Birds","Passeriformes","Rhipiduridae","Near Threatened",3,0.667,"Temperature: annual upper extreme",2
"Siderolamprus montanus","Reptiles","Squamata","Diploglossidae","Not assessed",3,0.667,"Precipitation: seasonal max upper extreme",2
"Sphaerodactylus asterulus","Reptiles","Squamata","Sphaerodactylidae","Endangered",3,0.667,"Temperature: seasonal max upper extreme",2
"Sphaerodactylus cryphius","Reptiles","Squamata","Sphaerodactylidae","Endangered",3,0.667,"Temperature: annual upper extreme",2
"Spilocuscus papuensis","Mammals","Diprotodontia","Phalangeridae","Vulnerable",3,0.667,"Precipitation: annual upper extreme",2
"Stumpffia analanjirofo","Amphibians","Anura","Microhylidae","Not assessed",3,0.667,"Temperature: seasonal max upper extreme",2
"Symposiachrus vidua","Birds","Passeriformes","Monarchidae","Near Threatened",3,0.667,"Temperature: annual upper extreme",2
"Synallaxis chinchipensis","Birds","Passeriformes","Furnariidae","Least Concern",3,0.667,"Temperature: seasonal max upper extreme",2
"Tsingymantis antitra","Amphibians","Anura","Mantellidae","Endangered",3,0.667,"Temperature: annual upper extreme",2
"Typhlops silus","Reptiles","Squamata","Typhlopidae","Data Deficient",3,0.667,"Temperature: annual upper extreme",2
"Tytthoscincus temengorensis","Reptiles","Squamata","Scincidae","Near Threatened",3,0.667,"Precipitation: seasonal max upper extreme",2
"Zhangixalus zhoukaiyae","Amphibians","Anura","Rhacophoridae","Data Deficient",3,0.667,"Temperature: annual upper extreme",2
"Zoothera margaretae","Birds","Passeriformes","Turdidae","Near Threatened",3,0.667,"Temperature: annual upper extreme",2
"Zosterops melanocephalus","Birds","Passeriformes","Zosteropidae","Vulnerable",3,0.667,"Precipitation: annual upper extreme",2
"Aparallactus nigriceps","Reptiles","Squamata","Atractaspididae","Data Deficient",26,0.654,"Temperature: seasonal max upper extreme",17
"Lepilemur edwardsi","Mammals","Primates","Lepilemuridae","Endangered",20,0.65,"Temperature: annual upper extreme",13
"Petaurus gracilis","Mammals","Diprotodontia","Petauridae","Endangered",11,0.636,"Precipitation: seasonal max upper extreme",7
"Atractus franciscopaivai","Reptiles","Squamata","Dipsadidae","Data Deficient",8,0.625,"Precipitation: annual upper extreme",5
"Heteroliodon lava","Reptiles","Squamata","Pseudoxyrhophiidae","Near Threatened",8,0.625,"Temperature: annual upper extreme",5
"Stumpffia nigrorubra","Amphibians","Anura","Microhylidae","Not assessed",16,0.625,"Temperature: seasonal max upper extreme",10
"Astrochelys yniphora","Reptiles","Testudines","Testudinidae","Critically Endangered",5,0.6,"Temperature: annual upper extreme",3
"Eleutherodactylus fuscus","Amphibians","Anura","Eleutherodactylidae","Endangered",5,0.6,"Temperature: annual upper extreme",3
"Eleutherodactylus luteolus","Amphibians","Anura","Eleutherodactylidae","Endangered",5,0.6,"Temperature: annual upper extreme",3
"Pseudophryne covacevichae","Amphibians","Anura","Myobatrachidae","Endangered",5,0.6,"Precipitation: annual upper extreme",3
"Trachylepis volamenaloha","Reptiles","Squamata","Scincidae","Near Threatened",5,0.6,"Temperature: annual upper extreme",3
"Avahi occidentalis","Mammals","Primates","Indriidae","Vulnerable",17,0.588,"Temperature: annual upper extreme",10
"Voeltzkowia yamagishii","Reptiles","Squamata","Scincidae","Endangered",17,0.588,"Temperature: seasonal max upper extreme",10
"Aprasia litorea","Reptiles","Squamata","Pygopodidae","Endangered",7,0.571,"Temperature: seasonal max upper extreme",4
"Paroedura maingoka","Reptiles","Squamata","Gekkonidae","Near Threatened",16,0.562,"Precipitation: seasonal max upper extreme",9
"Brookesia exarmata","Reptiles","Squamata","Chamaeleonidae","Endangered",9,0.556,"Temperature: annual upper extreme",5
"Callulops fuscus","Amphibians","Anura","Microhylidae","Data Deficient",9,0.556,"Precipitation: annual upper extreme",5
"Furcifer nicosiai","Reptiles","Squamata","Chamaeleonidae","Endangered",9,0.556,"Temperature: annual upper extreme",5
"Hemidactylus laevis","Reptiles","Squamata","Gekkonidae","Data Deficient",9,0.556,"Precipitation: seasonal min lower extreme",5
"Liophidium maintikibo","Reptiles","Squamata","Pseudoxyrhophiidae","Data Deficient",18,0.556,"Temperature: seasonal max upper extreme",10
"Zonosaurus bemaraha","Reptiles","Squamata","Gerrhosauridae","Least Concern",9,0.556,"Temperature: annual upper extreme",5
"Atractaspis leucomelas","Reptiles","Squamata","Atractaspididae","Data Deficient",11,0.545,"Precipitation: seasonal min lower extreme",6
"Gephyromantis atsingy","Amphibians","Anura","Mantellidae","Endangered",11,0.545,"Temperature: annual upper extreme",6
"Lichmera monticola","Birds","Passeriformes","Meliphagidae","Least Concern",11,0.545,"Precipitation: annual upper extreme",6
"Lynx pardinus","Mammals","Carnivora","Felidae","Endangered",11,0.545,"Temperature: seasonal max upper extreme",6
"Plethodontohyla fonetana","Amphibians","Anura","Microhylidae","Endangered",11,0.545,"Temperature: annual upper extreme",6
"Scolecoseps boulengeri","Reptiles","Squamata","Scincidae","Data Deficient",15,0.533,"Temperature: annual upper extreme",8
"Liolaemus millcayac","Reptiles","Squamata","Liolaemidae","Least Concern",48,0.521,"Temperature: seasonal max upper extreme",25
"Eulemur mongoz","Mammals","Primates","Lemuridae","Critically Endangered",27,0.519,"Temperature: annual upper extreme",14
"Acanthodactylus savignyi","Reptiles","Squamata","Lacertidae","Near Threatened",29,0.517,"Temperature: annual upper extreme",15
"Abronia anzuetoi","Reptiles","Squamata","Anguidae","Vulnerable",2,0.5,"Temperature: annual upper extreme",1
"Abronia aurita","Reptiles","Squamata","Anguidae","Endangered",2,0.5,"Temperature: annual upper extreme",1
"Abronia montecristoi","Reptiles","Squamata","Anguidae","Endangered",2,0.5,"Temperature: annual upper extreme",1
"Abronia ornelasi","Reptiles","Squamata","Anguidae","Data Deficient",2,0.5,"Temperature: annual upper extreme",1
"Abronia ramirezi","Reptiles","Squamata","Anguidae","Data Deficient",2,0.5,"Temperature: annual upper extreme",1
"Abronia reidi","Reptiles","Squamata","Anguidae","Data Deficient",2,0.5,"Temperature: annual upper extreme",1
"Actenoides excelsus","Birds","Coraciiformes","Alcedinidae","Not assessed",4,0.5,"Temperature: annual upper extreme",2
"Adelphicos daryi","Reptiles","Squamata","Dipsadidae","Endangered",2,0.5,"Temperature: annual upper extreme",1
"Adercosaurus vixadnexus","Reptiles","Squamata","Gymnophthalmidae","Least Concern",2,0.5,"Temperature: annual upper extreme",1
"Afroedura maripi","Reptiles","Squamata","Gekkonidae","Least Concern",2,0.5,"Temperature: annual upper extreme",1
"Afrotyphlops rouxestevae","Reptiles","Squamata","Typhlopidae","Data Deficient",4,0.5,"Precipitation: seasonal max upper extreme",2
"Agelaius xanthomus","Birds","Passeriformes","Icteridae","Endangered",2,0.5,"Temperature: annual upper extreme",1
"Alcalus mariae","Amphibians","Anura","Ceratobatrachidae","Endangered",2,0.5,"Precipitation: annual upper extreme",1
"Allobates amissibilis","Amphibians","Anura","Aromobatidae","Vulnerable",2,0.5,"Temperature: seasonal max upper extreme",1
"Allobates pacaas","Amphibians","Anura","Aromobatidae","Vulnerable",2,0.5,"Temperature: annual upper extreme",1
"Allobates sanmartini","Amphibians","Anura","Aromobatidae","Data Deficient",2,0.5,"Temperature: annual upper extreme",1
"Alsodes hugoi","Amphibians","Anura","Alsodidae","Vulnerable",2,0.5,"Precipitation: seasonal min lower extreme",1
"Altiphrynoides malcolmi","Amphibians","Anura","Bufonidae","Endangered",4,0.5,"Precipitation: seasonal min lower extreme",2
"Amolops adicola","Amphibians","Anura","Ranidae","Data Deficient",2,0.5,"Temperature: seasonal max upper extreme",1
"Amphinectomys savamis","Mammals","Rodentia","Cricetidae","Data Deficient",4,0.5,"Temperature: seasonal max upper extreme",2
"Amphisbaena maranhensis","Reptiles","Squamata","Amphisbaenidae","Data Deficient",2,0.5,"Precipitation: annual lower extreme",1
"Anilios robertsi","Reptiles","Squamata","Typhlopidae","Data Deficient",2,0.5,"Temperature: annual upper extreme",1
"Anolis adleri","Reptiles","Squamata","Anolidae","Least Concern",2,0.5,"Temperature: annual upper extreme",1
"Anolis alfaroi","Reptiles","Squamata","Anolidae","Data Deficient",2,0.5,"Temperature: annual upper extreme",1
"Anolis altitudinalis","Reptiles","Squamata","Anolidae","Near Threatened",2,0.5,"Temperature: annual upper extreme",1
"Anolis alumina","Reptiles","Squamata","Anolidae","Near Threatened",4,0.5,"Temperature: annual upper extreme",2
"Anolis amplisquamosus","Reptiles","Squamata","Anolidae","Critically Endangered",2,0.5,"Precipitation: seasonal max upper extreme",1
"Anolis clivicola","Reptiles","Squamata","Anolidae","Near Threatened",4,0.5,"Temperature: seasonal max upper extreme",2
"Anolis cooki","Reptiles","Squamata","Anolidae","Endangered",2,0.5,"Temperature: annual upper extreme",1
"Anolis cusuco","Reptiles","Squamata","Anolidae","Critically Endangered",2,0.5,"Precipitation: seasonal max upper extreme",1
"Anolis darlingtoni","Reptiles","Squamata","Anolidae","Critically Endangered",2,0.5,"Temperature: annual upper extreme",1
"Anolis macilentus","Reptiles","Squamata","Anolidae","Data Deficient",2,0.5,"Temperature: annual upper extreme",1
"Anolis neblininus","Reptiles","Squamata","Anolidae","Least Concern",2,0.5,"Temperature: annual upper extreme",1
"Anolis oporinus","Reptiles","Squamata","Anolidae","Data Deficient",2,0.5,"Temperature: annual upper extreme",1
"Anolis purpurgularis","Reptiles","Squamata","Anolidae","Endangered",2,0.5,"Precipitation: seasonal max upper extreme",1
"Anolis reconditus","Reptiles","Squamata","Anolidae","Endangered",2,0.5,"Temperature: annual upper extreme",1
"Anolis rupinae","Reptiles","Squamata","Anolidae","Endangered",4,0.5,"Temperature: annual upper extreme",2
"Anolis scapularis","Reptiles","Squamata","Anolidae","Data Deficient",2,0.5,"Temperature: annual upper extreme",1
"Anolis sierramaestrae","Reptiles","Squamata","Anolidae","Data Deficient",2,0.5,"Temperature: annual upper extreme",1
"Anolis williamsmittermeierorum","Reptiles","Squamata","Anolidae","Data Deficient",2,0.5,"Temperature: annual upper extreme",1
"Anomalepis colombia","Reptiles","Squamata","Anomalepididae","Data Deficient",2,0.5,"Precipitation: annual upper extreme",1
"Ansonia endauensis","Amphibians","Anura","Bufonidae","Near Threatened",2,0.5,"Precipitation: annual upper extreme",1
"Ansonia latidisca","Amphibians","Anura","Bufonidae","Endangered",2,0.5,"Precipitation: seasonal max upper extreme",1
"Anstisia lutea","Amphibians","Anura","Myobatrachidae","Not assessed",2,0.5,"Temperature: seasonal max upper extreme",1
"Aphantophryne sabini","Amphibians","Anura","Microhylidae","Least Concern",2,0.5,"Temperature: annual upper extreme",1
"Aplastodiscus flumineus","Amphibians","Anura","Hylidae","Critically Endangered",2,0.5,"Precipitation: annual lower extreme",1
"Apodemus avicennicus","Mammals","Rodentia","Muridae","Data Deficient",2,0.5,"Temperature: annual upper extreme",1
"Aprasia haroldi","Reptiles","Squamata","Pygopodidae","Least Concern",2,0.5,"Temperature: annual upper extreme",1
"Aproteles bulmerae","Mammals","Chiroptera","Pteropodidae","Critically Endangered",2,0.5,"Precipitation: annual upper extreme",1
"Archboldomys maximus","Mammals","Rodentia","Muridae","Data Deficient",2,0.5,"Precipitation: annual upper extreme",1
"Arenophryne rotunda","Amphibians","Anura","Myobatrachidae","Least Concern",2,0.5,"Temperature: annual upper extreme",1
"Arlequinus krebsi","Amphibians","Anura","Hyperoliidae","Endangered",2,0.5,"Precipitation: annual upper extreme",1
"Arthroleptis mossoensis","Amphibians","Anura","Arthroleptidae","Data Deficient",2,0.5,"Temperature: annual upper extreme",1
"Arthrosaura tyleri","Reptiles","Squamata","Gymnophthalmidae","Least Concern",2,0.5,"Temperature: annual upper extreme",1
"Asterophrys foja","Amphibians","Anura","Microhylidae","Data Deficient",4,0.5,"Precipitation: seasonal max upper extreme",2
"Atheris subocularis","Reptiles","Squamata","Viperidae","Data Deficient",2,0.5,"Temperature: annual upper extreme",1
"Atlantihyla melissa","Amphibians","Anura","Hylidae","Critically Endangered",2,0.5,"Precipitation: seasonal max upper extreme",1
"Atractus biseriatus","Reptiles","Squamata","Dipsadidae","Data Deficient",2,0.5,"Precipitation: annual upper extreme",1
"Atractus savagei","Reptiles","Squamata","Dipsadidae","Data Deficient",2,0.5,"Precipitation: seasonal max upper extreme",1
"Austrochaperina alexanderi","Amphibians","Anura","Microhylidae","Least Concern",2,0.5,"Precipitation: annual upper extreme",1
"Austrochaperina hooglandi","Amphibians","Anura","Microhylidae","Least Concern",4,0.5,"Temperature: seasonal max upper extreme",2
"Avahi meridionalis","Mammals","Primates","Indriidae","Endangered",4,0.5,"Temperature: annual upper extreme",2
"Aythya innotata","Birds","Anseriformes","Anatidae","Critically Endangered",2,0.5,"Temperature: annual upper extreme",1
"Bachia barbouri","Reptiles","Squamata","Gymnophthalmidae","Data Deficient",4,0.5,"Temperature: seasonal max upper extreme",2
"Bachia pyburni","Reptiles","Squamata","Gymnophthalmidae","Least Concern",4,0.5,"Precipitation: seasonal max upper extreme",2
"Balebreviceps hillmani","Amphibians","Anura","Brevicipitidae","Critically Endangered",2,0.5,"Precipitation: seasonal min lower extreme",1
"Batomys dentatus","Mammals","Rodentia","Muridae","Data Deficient",4,0.5,"Precipitation: annual upper extreme",2
"Bettongia tropica","Mammals","Diprotodontia","Potoroidae","Endangered",4,0.5,"Precipitation: annual upper extreme",2
"Bitis inornata","Reptiles","Squamata","Viperidae","Least Concern",4,0.5,"Temperature: seasonal max upper extreme",2
"Boana cambui","Amphibians","Anura","Hylidae","Vulnerable",2,0.5,"Precipitation: annual lower extreme",1
"Bolitoglossa eremia","Amphibians","Caudata","Plethodontidae","Endangered",2,0.5,"Temperature: annual upper extreme",1
"Bolitoglossa heiroreias","Amphibians","Caudata","Plethodontidae","Endangered",2,0.5,"Temperature: annual upper extreme",1
"Bolitoglossa riletti","Amphibians","Caudata","Plethodontidae","Endangered",2,0.5,"Temperature: annual upper extreme",1
"Bolitoglossa tzultacaj","Amphibians","Caudata","Plethodontidae","Critically Endangered",2,0.5,"Temperature: annual upper extreme",1
"Bolitoglossa zacapensis","Amphibians","Caudata","Plethodontidae","Vulnerable",2,0.5,"Temperature: annual upper extreme",1
"Boophis ankarafensis","Amphibians","Anura","Mantellidae","Critically Endangered",2,0.5,"Precipitation: seasonal min lower extreme",1
"Boophis arcanus","Amphibians","Anura","Mantellidae","Endangered",6,0.5,"Temperature: seasonal max upper extreme",3
"Boophis boppa","Amphibians","Anura","Mantellidae","Endangered",4,0.5,"Precipitation: annual lower extreme",2
"Boophis haematopus","Amphibians","Anura","Mantellidae","Endangered",4,0.5,"Temperature: annual upper extreme",2
"Boophis solomaso","Amphibians","Anura","Mantellidae","Endangered",4,0.5,"Temperature: seasonal max upper extreme",2
"Boophis williamsi","Amphibians","Anura","Mantellidae","Critically Endangered",2,0.5,"Temperature: annual upper extreme",1
"Boulengerula fischeri","Amphibians","Gymnophiona","Herpelidae","Vulnerable",2,0.5,"Temperature: annual upper extreme",1
"Brachymeles elerae","Reptiles","Squamata","Scincidae","Least Concern",4,0.5,"Precipitation: annual upper extreme",2
"Brachymeles isangdaliri","Reptiles","Squamata","Scincidae","Data Deficient",2,0.5,"Temperature: annual upper extreme",1
"Brachyorrhos gastrotaenius","Reptiles","Squamata","Homalopsidae","Data Deficient",2,0.5,"Precipitation: annual upper extreme",1
"Brookesia bekolosy","Reptiles","Squamata","Chamaeleonidae","Endangered",2,0.5,"Temperature: annual upper extreme",1
"Brookesia bonsi","Reptiles","Squamata","Chamaeleonidae","Critically Endangered",2,0.5,"Temperature: annual upper extreme",1
"Bryophryne bakersfield","Amphibians","Anura","Strabomantidae","Least Concern",2,0.5,"Temperature: annual upper extreme",1
"Bryophryne bustamantei","Amphibians","Anura","Strabomantidae","Least Concern",2,0.5,"Temperature: annual upper extreme",1
"Bryophryne nubilosus","Amphibians","Anura","Strabomantidae","Least Concern",2,0.5,"Temperature: annual upper extreme",1
"Bryophryne zonalis","Amphibians","Anura","Strabomantidae","Data Deficient",2,0.5,"Temperature: annual upper extreme",1
"Bufoides kempi","Amphibians","Anura","Bufonidae","Data Deficient",2,0.5,"Temperature: annual upper extreme",1
"Bunomys karokophilus","Mammals","Rodentia","Muridae","Data Deficient",2,0.5,"Precipitation: seasonal max upper extreme",1
"Caecilia tenuissima","Amphibians","Gymnophiona","Caeciliidae","Data Deficient",4,0.5,"Temperature: seasonal max upper extreme",2
"Calamaria eiselti","Reptiles","Squamata","Calamariidae","Data Deficient",2,0.5,"Temperature: annual upper extreme",1
"Calamaria rebentischi","Reptiles","Squamata","Calamariidae","Data Deficient",2,0.5,"Temperature: annual upper extreme",1
"Calamophis jobiensis","Reptiles","Squamata","Homalopsidae","Data Deficient",6,0.5,"Precipitation: annual upper extreme",3
"Callulops sagittatus","Amphibians","Anura","Microhylidae","Data Deficient",2,0.5,"Temperature: annual upper extreme",1
"Calomyscus tsolovi","Mammals","Rodentia","Calomyscidae","Data Deficient",2,0.5,"Temperature: annual upper extreme",1
"Calotes bhutanensis","Reptiles","Squamata","Agamidae","Data Deficient",2,0.5,"Temperature: annual upper extreme",1
"Calumma hafahafa","Reptiles","Squamata","Chamaeleonidae","Critically Endangered",2,0.5,"Temperature: annual upper extreme",1
"Calyptura cristata","Birds","Passeriformes","Tyrannidae","Critically Endangered",2,0.5,"Precipitation: annual lower extreme",1
"Cardioglossa manengouba","Amphibians","Anura","Arthroleptidae","Critically Endangered",2,0.5,"Temperature: annual upper extreme",1
"Cardioglossa trifasciata","Amphibians","Anura","Arthroleptidae","Critically Endangered",2,0.5,"Temperature: annual upper extreme",1
"Carlia eothen","Reptiles","Squamata","Scincidae","Least Concern",2,0.5,"Temperature: annual upper extreme",1
"Centrolene charapita","Amphibians","Anura","Centrolenidae","Endangered",2,0.5,"Temperature: annual upper extreme",1
"Centrolene lemniscata","Amphibians","Anura","Centrolenidae","Data Deficient",2,0.5,"Temperature: annual upper extreme",1
"Chalcides sexlineatus","Reptiles","Squamata","Scincidae","Least Concern",2,0.5,"Temperature: annual upper extreme",1
"Charadrahyla sakbah","Amphibians","Anura","Hylidae","Endangered",2,0.5,"Temperature: annual upper extreme",1
"Chiasmocleis devriesi","Amphibians","Anura","Microhylidae","Least Concern",2,0.5,"Temperature: seasonal max upper extreme",1
"Chiropterotriton ceronorum","Amphibians","Caudata","Plethodontidae","Critically Endangered",2,0.5,"Temperature: annual upper extreme",1
"Chiropterotriton cracens","Amphibians","Caudata","Plethodontidae","Vulnerable",2,0.5,"Temperature: annual upper extreme",1
"Chiropterotriton terrestris","Amphibians","Caudata","Plethodontidae","Critically Endangered",2,0.5,"Temperature: annual upper extreme",1
"Choerophryne alainduboisi","Amphibians","Anura","Microhylidae","Least Concern",2,0.5,"Temperature: annual upper extreme",1
"Choerophryne allisoni","Amphibians","Anura","Microhylidae","Data Deficient",2,0.5,"Precipitation: annual upper extreme",1
"Choerophryne bisyllaba","Amphibians","Anura","Microhylidae","Least Concern",2,0.5,"Temperature: annual upper extreme",1
"Choerophryne fafniri","Amphibians","Anura","Microhylidae","Least Concern",4,0.5,"Temperature: annual upper extreme",2
"Choerophryne gracilirostris","Amphibians","Anura","Microhylidae","Least Concern",6,0.5,"Precipitation: annual upper extreme",3
"Choerophryne multisyllaba","Amphibians","Anura","Microhylidae","Least Concern",2,0.5,"Precipitation: annual upper extreme",1
"Choerophryne pandanicola","Amphibians","Anura","Microhylidae","Least Concern",2,0.5,"Temperature: annual upper extreme",1
"Choerophryne rhenaurum","Amphibians","Anura","Microhylidae","Data Deficient",2,0.5,"Precipitation: annual upper extreme",1
"Choerophryne sanguinopicta","Amphibians","Anura","Microhylidae","Critically Endangered",2,0.5,"Temperature: annual upper extreme",1
"Cnemaspis aceh","Reptiles","Squamata","Gekkonidae","Least Concern",2,0.5,"Temperature: annual upper extreme",1
"Cnemaspis ajijae","Reptiles","Squamata","Gekkonidae","Least Concern",2,0.5,"Temperature: annual upper extreme",1
"Cnemaspis amboliensis","Reptiles","Squamata","Gekkonidae","Data Deficient",2,0.5,"Temperature: annual upper extreme",1
"Cnemaspis karsticola","Reptiles","Squamata","Gekkonidae","Vulnerable",2,0.5,"Precipitation: seasonal max upper extreme",1
"Cnemaspis koynaensis","Reptiles","Squamata","Gekkonidae","Data Deficient",2,0.5,"Temperature: annual upper extreme",1
"Cnemaspis leucura","Reptiles","Squamata","Gekkonidae","Data Deficient",2,0.5,"Precipitation: annual upper extreme",1
"Cnemaspis upendrai","Reptiles","Squamata","Gekkonidae","Vulnerable",2,0.5,"Temperature: annual upper extreme",1
"Coendou speratus","Mammals","Rodentia","Erethizontidae","Endangered",2,0.5,"Precipitation: seasonal min lower extreme",1
"Columba janthina","Birds","Columbiformes","Columbidae","Least Concern",2,0.5,"Temperature: seasonal max upper extreme",1
"Compsophis vinckei","Reptiles","Squamata","Pseudoxyrhophiidae","Critically Endangered",2,0.5,"Temperature: annual upper extreme",1
"Congosorex polli","Mammals","Eulipotyphla","Soricidae","Data Deficient",2,0.5,"Temperature: annual upper extreme",1
"Conopsis amphisticha","Reptiles","Squamata","Colubridae","Near Threatened",2,0.5,"Temperature: annual upper extreme",1
"Cophixalus cateae","Amphibians","Anura","Microhylidae","Least Concern",4,0.5,"Precipitation: annual upper extreme",2
"Cophixalus daymani","Amphibians","Anura","Microhylidae","Data Deficient",2,0.5,"Precipitation: seasonal max upper extreme",1
"Cophixalus iovaorum","Amphibians","Anura","Microhylidae","Least Concern",2,0.5,"Temperature: annual upper extreme",1
"Cophixalus kaindiensis","Amphibians","Anura","Microhylidae","Near Threatened",2,0.5,"Temperature: annual upper extreme",1
"Cophixalus kulakula","Amphibians","Anura","Microhylidae","Least Concern",2,0.5,"Temperature: annual upper extreme",1
"Cophixalus verecundus","Amphibians","Anura","Microhylidae","Least Concern",2,0.5,"Temperature: annual upper extreme",1
"Cophyla berara","Amphibians","Anura","Microhylidae","Endangered",2,0.5,"Precipitation: seasonal min lower extreme",1
"Cophyla fortuna","Amphibians","Anura","Microhylidae","Not assessed",2,0.5,"Temperature: annual upper extreme",1
"Copiula minor","Amphibians","Anura","Microhylidae","Least Concern",2,0.5,"Temperature: annual upper extreme",1
"Cornufer bufonulus","Amphibians","Anura","Ceratobatrachidae","Data Deficient",2,0.5,"Temperature: annual upper extreme",1
"Cornufer gigas","Amphibians","Anura","Ceratobatrachidae","Data Deficient",2,0.5,"Temperature: annual upper extreme",1
"Cornufer macrops","Amphibians","Anura","Ceratobatrachidae","Least Concern",2,0.5,"Temperature: annual upper extreme",1
"Cornufer malukuna","Amphibians","Anura","Ceratobatrachidae","Least Concern",4,0.5,"Temperature: annual upper extreme",2
"Cornufer mamusiorum","Amphibians","Anura","Ceratobatrachidae","Least Concern",2,0.5,"Temperature: annual upper extreme",1
"Cornufer sulcatus","Amphibians","Anura","Ceratobatrachidae","Data Deficient",2,0.5,"Temperature: annual upper extreme",1
"Craugastor batrachylus","Amphibians","Anura","Craugastoridae","Data Deficient",2,0.5,"Temperature: annual upper extreme",1
"Craugastor castanedai","Amphibians","Anura","Craugastoridae","Critically Endangered",2,0.5,"Precipitation: seasonal max upper extreme",1
"Craugastor galacticorhinus","Amphibians","Anura","Craugastoridae","Endangered",2,0.5,"Temperature: annual upper extreme",1
"Crocidura lwiroensis","Mammals","Eulipotyphla","Soricidae","Data Deficient",2,0.5,"Temperature: annual upper extreme",1
"Crocidura raineyi","Mammals","Eulipotyphla","Soricidae","Data Deficient",2,0.5,"Temperature: annual upper extreme",1
"Crotaphatrema lamottei","Amphibians","Gymnophiona","Scolecomorphidae","Critically Endangered",2,0.5,"Temperature: annual upper extreme",1
"Cryptoblepharus voeltzkowi","Reptiles","Squamata","Scincidae","Data Deficient",4,0.5,"Precipitation: seasonal max upper extreme",2
"Cryptotis hondurensis","Mammals","Eulipotyphla","Soricidae","Data Deficient",2,0.5,"Temperature: seasonal max upper extreme",1
"Cryptotriton sierraminensis","Amphibians","Caudata","Plethodontidae","Critically Endangered",2,0.5,"Temperature: annual upper extreme",1
"Ctenomys roigi","Mammals","Rodentia","Ctenomyidae","Critically Endangered",2,0.5,"Temperature: seasonal max upper extreme",1
"Cynisca kraussi","Reptiles","Squamata","Amphisbaenidae","Data Deficient",4,0.5,"Precipitation: seasonal min lower extreme",2
"Cynisca nigeriensis","Reptiles","Squamata","Amphisbaenidae","Vulnerable",2,0.5,"Temperature: annual upper extreme",1
"Cyrtodactylus adorus","Reptiles","Squamata","Gekkonidae","Least Concern",2,0.5,"Temperature: annual upper extreme",1
"Cyrtodactylus arcanus","Reptiles","Squamata","Gekkonidae","Data Deficient",2,0.5,"Temperature: annual upper extreme",1
"Cyrtodactylus bansocensis","Reptiles","Squamata","Gekkonidae","Data Deficient",2,0.5,"Precipitation: seasonal min lower extreme",1
"Cyrtodactylus cayuensis","Reptiles","Squamata","Gekkonidae","Least Concern",2,0.5,"Temperature: seasonal max upper extreme",1
"Cyrtodactylus himalayicus","Reptiles","Squamata","Gekkonidae","Data Deficient",2,0.5,"Temperature: annual upper extreme",1
"Cyrtodactylus lenggongensis","Reptiles","Squamata","Gekkonidae","Least Concern",2,0.5,"Precipitation: seasonal max upper extreme",1
"Cyrtodactylus markuscombaii","Reptiles","Squamata","Gekkonidae","Data Deficient",2,0.5,"Temperature: annual upper extreme",1
"Cyrtodactylus pantiensis","Reptiles","Squamata","Gekkonidae","Vulnerable",2,0.5,"Precipitation: seasonal max upper extreme",1
"Cyrtodactylus rufford","Reptiles","Squamata","Gekkonidae","Data Deficient",2,0.5,"Precipitation: seasonal min lower extreme",1
"Cyrtodactylus tautbatorum","Reptiles","Squamata","Gekkonidae","Least Concern",2,0.5,"Precipitation: annual upper extreme",1
"Cyrtopodion belaense","Reptiles","Squamata","Gekkonidae","Data Deficient",4,0.5,"Temperature: annual upper extreme",2
"Dendrotriton bromeliacius","Amphibians","Caudata","Plethodontidae","Critically Endangered",2,0.5,"Temperature: annual upper extreme",1
"Diploderma grahami","Reptiles","Squamata","Agamidae","Data Deficient",4,0.5,"Temperature: annual upper extreme",2
"Diploglossus garridoi","Reptiles","Squamata","Anguidae","Near Threatened",2,0.5,"Temperature: annual upper extreme",1
"Dryophylax marahuaquensis","Reptiles","Squamata","Dipsadidae","Least Concern",2,0.5,"Temperature: annual upper extreme",1
"Duttaphrynus wokhaensis","Amphibians","Anura","Bufonidae","Data Deficient",2,0.5,"Temperature: annual upper extreme",1
"Ectopoglossus absconditus","Amphibians","Anura","Dendrobatidae","Data Deficient",2,0.5,"Precipitation: annual upper extreme",1
"Elaphe xiphodonta","Reptiles","Squamata","Colubridae","Not assessed",2,0.5,"Temperature: annual upper extreme",1
"Elaphe zoigeensis","Reptiles","Squamata","Colubridae","Least Concern",4,0.5,"Temperature: annual upper extreme",2
"Elaphurus davidianus","Mammals","Artiodactyla","Cervidae","Extinct in the Wild",2,0.5,"Temperature: annual upper extreme",1
"Eleutherodactylus albipes","Amphibians","Anura","Eleutherodactylidae","Critically Endangered",2,0.5,"Temperature: annual upper extreme",1
"Eleutherodactylus alcoae","Amphibians","Anura","Eleutherodactylidae","Least Concern",4,0.5,"Temperature: annual upper extreme",2
"Eleutherodactylus aporostegus","Amphibians","Anura","Eleutherodactylidae","Critically Endangered",2,0.5,"Temperature: annual upper extreme",1
"Eleutherodactylus beguei","Amphibians","Anura","Eleutherodactylidae","Critically Endangered",2,0.5,"Temperature: annual upper extreme",1
"Eleutherodactylus cubanus","Amphibians","Anura","Eleutherodactylidae","Endangered",4,0.5,"Temperature: seasonal max upper extreme",2
"Eleutherodactylus etheridgei","Amphibians","Anura","Eleutherodactylidae","Vulnerable",2,0.5,"Temperature: annual upper extreme",1
"Eleutherodactylus eunaster","Amphibians","Anura","Eleutherodactylidae","Critically Endangered",4,0.5,"Temperature: annual upper extreme",2
"Eleutherodactylus geitonos","Amphibians","Anura","Eleutherodactylidae","Endangered",2,0.5,"Temperature: annual upper extreme",1
"Eleutherodactylus glamyrus","Amphibians","Anura","Eleutherodactylidae","Endangered",4,0.5,"Temperature: seasonal max upper extreme",2
"Eleutherodactylus glandulifer","Amphibians","Anura","Eleutherodactylidae","Critically Endangered",2,0.5,"Temperature: annual upper extreme",1
"Eleutherodactylus grandis","Amphibians","Anura","Eleutherodactylidae","Endangered",2,0.5,"Temperature: annual upper extreme",1
"Eleutherodactylus iberia","Amphibians","Anura","Eleutherodactylidae","Vulnerable",4,0.5,"Temperature: annual upper extreme",2
"Eleutherodactylus juanariveroi","Amphibians","Anura","Eleutherodactylidae","Critically Endangered",2,0.5,"Temperature: annual upper extreme",1
"Eleutherodactylus maestrensis","Amphibians","Anura","Eleutherodactylidae","Endangered",2,0.5,"Temperature: annual upper extreme",1
"Eleutherodactylus melacara","Amphibians","Anura","Eleutherodactylidae","Endangered",4,0.5,"Temperature: seasonal max upper extreme",2
"Eleutherodactylus michaelschmidi","Amphibians","Anura","Eleutherodactylidae","Critically Endangered",2,0.5,"Temperature: annual upper extreme",1
"Eleutherodactylus nubicola","Amphibians","Anura","Eleutherodactylidae","Endangered",2,0.5,"Temperature: annual upper extreme",1
"Eleutherodactylus paralius","Amphibians","Anura","Eleutherodactylidae","Near Threatened",4,0.5,"Temperature: annual upper extreme",2
"Eleutherodactylus parapelates","Amphibians","Anura","Eleutherodactylidae","Critically Endangered",2,0.5,"Temperature: annual upper extreme",1
"Eleutherodactylus paulsoni","Amphibians","Anura","Eleutherodactylidae","Critically Endangered",2,0.5,"Temperature: annual upper extreme",1
"Eleutherodactylus pentasyringos","Amphibians","Anura","Eleutherodactylidae","Endangered",2,0.5,"Temperature: annual upper extreme",1
"Eleutherodactylus poolei","Amphibians","Anura","Eleutherodactylidae","Critically Endangered",2,0.5,"Temperature: annual upper extreme",1
"Eleutherodactylus rivularis","Amphibians","Anura","Eleutherodactylidae","Critically Endangered",2,0.5,"Temperature: annual upper extreme",1
"Eleutherodactylus sisyphodemus","Amphibians","Anura","Eleutherodactylidae","Critically Endangered",2,0.5,"Temperature: annual upper extreme",1
"Eleutherodactylus thorectes","Amphibians","Anura","Eleutherodactylidae","Critically Endangered",2,0.5,"Temperature: annual upper extreme",1
"Eleutherodactylus ventrilineatus","Amphibians","Anura","Eleutherodactylidae","Critically Endangered",2,0.5,"Temperature: annual upper extreme",1
"Eleutherodactylus verruculatus","Amphibians","Anura","Eleutherodactylidae","Data Deficient",2,0.5,"Temperature: annual upper extreme",1
"Eliurus danieli","Mammals","Rodentia","Nesomyidae","Least Concern",4,0.5,"Temperature: seasonal max upper extreme",2
"Eliurus ellermani","Mammals","Rodentia","Nesomyidae","Data Deficient",2,0.5,"Precipitation: seasonal min lower extreme",1
"Emoia guttata","Reptiles","Squamata","Scincidae","Least Concern",2,0.5,"Temperature: annual upper extreme",1
"Eos semilarvata","Birds","Psittaciformes","Psittacidae","Near Threatened",4,0.5,"Precipitation: annual upper extreme",2
"Epipedobates narinensis","Amphibians","Anura","Dendrobatidae","Data Deficient",2,0.5,"Temperature: annual upper extreme",1
"Eremias lalezharica","Reptiles","Squamata","Lacertidae","Least Concern",2,0.5,"Temperature: annual upper extreme",1
"Ericabatrachus baleensis","Amphibians","Anura","Pyxicephalidae","Critically Endangered",2,0.5,"Precipitation: seasonal min lower extreme",1
"Etheridgeum pulchrum","Reptiles","Squamata","Calamariidae","Data Deficient",2,0.5,"Temperature: annual upper extreme",1
"Flexiseps decaryi","Reptiles","Squamata","Scincidae","Not assessed",2,0.5,"Temperature: annual upper extreme",1
"Formicarius rufifrons","Birds","Passeriformes","Formicariidae","Least Concern",48,0.5,"Temperature: seasonal max upper extreme",24
"Fritziana izecksohni","Amphibians","Anura","Hemiphractidae","Data Deficient",4,0.5,"Precipitation: annual lower extreme",2
"Gallotia stehlini","Reptiles","Squamata","Lacertidae","Least Concern",2,0.5,"Temperature: annual upper extreme",1
"Gastrotheca abdita","Amphibians","Anura","Hemiphractidae","Data Deficient",2,0.5,"Precipitation: seasonal max upper extreme",1
"Gastrotheca psychrophila","Amphibians","Anura","Hemiphractidae","Endangered",2,0.5,"Temperature: annual upper extreme",1
"Gegeneophis madhavai","Amphibians","Gymnophiona","Indotyphlidae","Data Deficient",2,0.5,"Temperature: annual upper extreme",1
"Gegeneophis mhadeiensis","Amphibians","Gymnophiona","Indotyphlidae","Data Deficient",2,0.5,"Temperature: annual upper extreme",1
"Gegeneophis pareshi","Amphibians","Gymnophiona","Indotyphlidae","Data Deficient",2,0.5,"Temperature: annual upper extreme",1
"Gekko nadenensis","Reptiles","Squamata","Gekkonidae","Data Deficient",2,0.5,"Precipitation: seasonal min lower extreme",1
"Geophis damiani","Reptiles","Squamata","Dipsadidae","Critically Endangered",2,0.5,"Precipitation: seasonal max upper extreme",1
"Gerrhopilus mcdowelli","Reptiles","Squamata","Gerrhopilidae","Data Deficient",2,0.5,"Temperature: annual upper extreme",1
"Glauconycteris gleni","Mammals","Chiroptera","Vespertilionidae","Data Deficient",6,0.5,"Precipitation: seasonal min lower extreme",3
"Glyphoglossus capsus","Amphibians","Anura","Microhylidae","Near Threatened",2,0.5,"Temperature: seasonal max upper extreme",1
"Gonatodes infernalis","Reptiles","Squamata","Sphaerodactylidae","Critically Endangered",2,0.5,"Temperature: annual upper extreme",1
"Habromys lepturus","Mammals","Rodentia","Cricetidae","Critically Endangered",2,0.5,"Temperature: annual upper extreme",1
"Halmaheramys bokimekot","Mammals","Rodentia","Muridae","Data Deficient",2,0.5,"Temperature: annual upper extreme",1
"Hemidactylus beninensis","Reptiles","Squamata","Gekkonidae","Least Concern",4,0.5,"Precipitation: seasonal min lower extreme",2
"Hemidactylus huluul","Reptiles","Squamata","Gekkonidae","Not assessed",4,0.5,"Temperature: annual upper extreme",2
"Hemidactylus kundaensis","Reptiles","Squamata","Gekkonidae","Critically Endangered",4,0.5,"Precipitation: seasonal max upper extreme",2
"Hemidactylus lamaensis","Reptiles","Squamata","Gekkonidae","Data Deficient",2,0.5,"Temperature: annual upper extreme",1
"Hemidactylus varadgirii","Reptiles","Squamata","Gekkonidae","Data Deficient",2,0.5,"Temperature: annual upper extreme",1
"Herpele multiplicata","Amphibians","Gymnophiona","Herpelidae","Data Deficient",2,0.5,"Temperature: annual upper extreme",1
"Heterixalus boettgeri","Amphibians","Anura","Hyperoliidae","Least Concern",8,0.5,"Temperature: annual upper extreme",4
"Heterogeomys lanius","Mammals","Rodentia","Geomyidae","Critically Endangered",2,0.5,"Temperature: annual upper extreme",1
"Hybomys badius","Mammals","Rodentia","Muridae","Endangered",4,0.5,"Precipitation: annual upper extreme",2
"Hydraethiops laevis","Reptiles","Squamata","Natricidae","Data Deficient",2,0.5,"Precipitation: annual lower extreme",1
"Hyloscirtus sarampiona","Amphibians","Anura","Hylidae","Endangered",2,0.5,"Precipitation: annual upper extreme",1
"Hyloscirtus tapichalaca","Amphibians","Anura","Hylidae","Endangered",2,0.5,"Temperature: annual upper extreme",1
"Hyloxalus aeruginosus","Amphibians","Anura","Dendrobatidae","Data Deficient",2,0.5,"Precipitation: seasonal max upper extreme",1
"Hyloxalus shuar","Amphibians","Anura","Dendrobatidae","Critically Endangered",2,0.5,"Temperature: seasonal max upper extreme",1
"Hyloxalus utcubambensis","Amphibians","Anura","Dendrobatidae","Data Deficient",2,0.5,"Temperature: annual upper extreme",1
"Hynobius amakusaensis","Amphibians","Caudata","Hynobiidae","Critically Endangered",2,0.5,"Temperature: seasonal max upper extreme",1
"Hynobius katoi","Amphibians","Caudata","Hynobiidae","Endangered",4,0.5,"Temperature: seasonal max upper extreme",2
"Hynobius mikawaensis","Amphibians","Caudata","Hynobiidae","Critically Endangered",4,0.5,"Temperature: seasonal max upper extreme",2
"Hynobius tsurugiensis","Amphibians","Caudata","Hynobiidae","Endangered",2,0.5,"Precipitation: seasonal min lower extreme",1
"Hyperolius brachiofasciatus","Amphibians","Anura","Hyperoliidae","Data Deficient",2,0.5,"Precipitation: annual lower extreme",1
"Hyperolius dintelmanni","Amphibians","Anura","Hyperoliidae","Endangered",2,0.5,"Temperature: annual upper extreme",1
"Hyperolius ferrugineus","Amphibians","Anura","Hyperoliidae","Data Deficient",2,0.5,"Temperature: annual upper extreme",1
"Hyperolius ghesquieri","Amphibians","Anura","Hyperoliidae","Data Deficient",2,0.5,"Temperature: annual upper extreme",1
"Hyperolius nimbae","Amphibians","Anura","Hyperoliidae","Endangered",2,0.5,"Temperature: annual upper extreme",1
"Hyperolius sankuruensis","Amphibians","Anura","Hyperoliidae","Data Deficient",4,0.5,"Temperature: annual upper extreme",2
"Hypsicalotes kinabaluensis","Reptiles","Squamata","Agamidae","Data Deficient",2,0.5,"Precipitation: annual upper extreme",1
"Hypsilurus capreolatus","Reptiles","Squamata","Agamidae","Least Concern",4,0.5,"Temperature: seasonal max upper extreme",2
"Hypsirhynchus polylepis","Reptiles","Squamata","Dipsadidae","Endangered",2,0.5,"Temperature: annual upper extreme",1
"Iberolacerta martinezricai","Reptiles","Squamata","Lacertidae","Critically Endangered",4,0.5,"Temperature: seasonal max upper extreme",2
"Ichthyophis alfredi","Amphibians","Gymnophiona","Ichthyophiidae","Data Deficient",2,0.5,"Temperature: annual upper extreme",1
"Ichthyophis daribokensis","Amphibians","Gymnophiona","Ichthyophiidae","Data Deficient",2,0.5,"Temperature: annual upper extreme",1
"Ichthyophis khumhzi","Amphibians","Gymnophiona","Ichthyophiidae","Data Deficient",2,0.5,"Temperature: annual upper extreme",1
"Ichthyophis lakimi","Amphibians","Gymnophiona","Ichthyophiidae","Least Concern",2,0.5,"Precipitation: annual upper extreme",1
"Ichthyophis nokrekensis","Amphibians","Gymnophiona","Ichthyophiidae","Data Deficient",2,0.5,"Temperature: annual upper extreme",1
"Incilius gemmifer","Amphibians","Anura","Bufonidae","Endangered",2,0.5,"Temperature: annual upper extreme",1
"Isthmura naucampatepetl","Amphibians","Caudata","Plethodontidae","Critically Endangered",2,0.5,"Temperature: annual upper extreme",1
"Ixalotriton niger","Amphibians","Caudata","Plethodontidae","Endangered",2,0.5,"Temperature: annual upper extreme",1
"Komodomys rintjanus","Mammals","Rodentia","Muridae","Vulnerable",2,0.5,"Precipitation: seasonal max upper extreme",1
"Leiopython montanus","Reptiles","Squamata","Pythonidae","Data Deficient",2,0.5,"Temperature: annual upper extreme",1
"Lepidoblepharis miyatai","Reptiles","Squamata","Sphaerodactylidae","Critically Endangered",2,0.5,"Temperature: annual upper extreme",1
"Lepidodactylus christiani","Reptiles","Squamata","Gekkonidae","Least Concern",2,0.5,"Precipitation: annual upper extreme",1
"Lepidodactylus flaviocularis","Reptiles","Squamata","Gekkonidae","Critically Endangered",2,0.5,"Temperature: annual upper extreme",1
"Lepidodactylus ranauensis","Reptiles","Squamata","Gekkonidae","Data Deficient",2,0.5,"Precipitation: annual upper extreme",1
"Lepidodactylus sacrolineatus","Reptiles","Squamata","Gekkonidae","Least Concern",4,0.5,"Temperature: seasonal max upper extreme",2
"Lepidophyma chicoasensis","Reptiles","Squamata","Xantusiidae","Data Deficient",2,0.5,"Temperature: annual upper extreme",1
"Lepidophyma dontomasi","Reptiles","Squamata","Xantusiidae","Data Deficient",2,0.5,"Temperature: annual upper extreme",1
"Lepidophyma tarascae","Reptiles","Squamata","Xantusiidae","Data Deficient",2,0.5,"Temperature: annual upper extreme",1
"Lepilemur ahmansonori","Mammals","Primates","Lepilemuridae","Not assessed",4,0.5,"Temperature: annual upper extreme",2
"Lepilemur fleuretae","Mammals","Primates","Lepilemuridae","Endangered",4,0.5,"Temperature: annual upper extreme",2
"Lepilemur randrianasoloi","Mammals","Primates","Lepilemuridae","Endangered",8,0.5,"Temperature: annual upper extreme",4
"Leptobrachella palmata","Amphibians","Anura","Megophryidae","Critically Endangered",2,0.5,"Precipitation: annual upper extreme",1
"Leptobrachium gunungense","Amphibians","Anura","Megophryidae","Least Concern",2,0.5,"Precipitation: annual upper extreme",1
"Leptodactylodon bueanus","Amphibians","Anura","Arthroleptidae","Endangered",4,0.5,"Precipitation: annual upper extreme",2
"Leptodactylodon erythrogaster","Amphibians","Anura","Arthroleptidae","Critically Endangered",2,0.5,"Temperature: annual upper extreme",1
"Leptodactylodon wildi","Amphibians","Anura","Arthroleptidae","Critically Endangered",2,0.5,"Temperature: annual upper extreme",1
"Leptopelis fenestratus","Amphibians","Anura","Arthroleptidae","Data Deficient",2,0.5,"Precipitation: seasonal min lower extreme",1
"Leptopelis fiziensis","Amphibians","Anura","Arthroleptidae","Data Deficient",2,0.5,"Temperature: annual upper extreme",1
"Leptopelis oryi","Amphibians","Anura","Arthroleptidae","Least Concern",70,0.5,"Precipitation: seasonal min lower extreme",35
"Leptosiaphos dewittei","Reptiles","Squamata","Scincidae","Data Deficient",2,0.5,"Precipitation: seasonal max upper extreme",1
"Leptosiaphos hylophilus","Reptiles","Squamata","Scincidae","Least Concern",2,0.5,"Temperature: annual upper extreme",1
"Lerista ingrami","Reptiles","Squamata","Scincidae","Data Deficient",2,0.5,"Temperature: annual upper extreme",1
"Letheobia largeni","Reptiles","Squamata","Typhlopidae","Data Deficient",4,0.5,"Precipitation: annual lower extreme",2
"Letheobia manni","Reptiles","Squamata","Typhlopidae","Data Deficient",2,0.5,"Precipitation: annual lower extreme",1
"Leucostethus alacris","Amphibians","Anura","Dendrobatidae","Data Deficient",2,0.5,"Precipitation: annual upper extreme",1
"Limnonectes cintalubang","Amphibians","Anura","Dicroglossidae","Endangered",2,0.5,"Precipitation: seasonal max upper extreme",1
"Limnonectes kong","Amphibians","Anura","Dicroglossidae","Data Deficient",4,0.5,"Precipitation: seasonal max upper extreme",2
"Limnonectes mawlyndipi","Amphibians","Anura","Dicroglossidae","Data Deficient",4,0.5,"Temperature: annual upper extreme",2
"Liolaemus cinereus","Reptiles","Squamata","Liolaemidae","Data Deficient",2,0.5,"Temperature: annual upper extreme",1
"Liolaemus curis","Reptiles","Squamata","Liolaemidae","Critically Endangered",2,0.5,"Temperature: annual upper extreme",1
"Liolaemus duellmani","Reptiles","Squamata","Liolaemidae","Data Deficient",2,0.5,"Temperature: seasonal max upper extreme",1
"Liolaemus eleodori","Reptiles","Squamata","Liolaemidae","Least Concern",2,0.5,"Precipitation: annual lower extreme",1
"Liolaemus montanezi","Reptiles","Squamata","Liolaemidae","Data Deficient",2,0.5,"Temperature: annual upper extreme",1
"Liolaemus neuquensis","Reptiles","Squamata","Liolaemidae","Data Deficient",2,0.5,"Temperature: seasonal max upper extreme",1
"Liolaemus orko","Reptiles","Squamata","Liolaemidae","Least Concern",2,0.5,"Temperature: annual upper extreme",1
"Liolaemus pulcherrimus","Reptiles","Squamata","Liolaemidae","Least Concern",2,0.5,"Temperature: annual upper extreme",1
"Liolaemus ramonensis","Reptiles","Squamata","Liolaemidae","Least Concern",2,0.5,"Temperature: seasonal max upper extreme",1
"Liolaemus sitesi","Reptiles","Squamata","Liolaemidae","Least Concern",2,0.5,"Temperature: seasonal max upper extreme",1
"Liolaemus thermarum","Reptiles","Squamata","Liolaemidae","Vulnerable",2,0.5,"Temperature: seasonal max upper extreme",1
"Litoria lorica","Amphibians","Anura","Pelodryadidae","Critically Endangered",2,0.5,"Temperature: annual upper extreme",1
"Litoria rubrops","Amphibians","Anura","Pelodryadidae","Least Concern",2,0.5,"Temperature: annual upper extreme",1
"Lophuromys eisentrauti","Mammals","Rodentia","Muridae","Critically Endangered",2,0.5,"Temperature: annual upper extreme",1
"Lophuromys roseveari","Mammals","Rodentia","Muridae","Least Concern",4,0.5,"Precipitation: annual upper extreme",2
"Luperosaurus cumingii","Reptiles","Squamata","Gekkonidae","Data Deficient",2,0.5,"Precipitation: annual upper extreme",1
"Lycodryas inopinae","Reptiles","Squamata","Pseudoxyrhophiidae","Endangered",2,0.5,"Temperature: annual upper extreme",1
"Lygisaurus rococo","Reptiles","Squamata","Scincidae","Least Concern",4,0.5,"Precipitation: annual upper extreme",2
"Lygodactylus blancae","Reptiles","Squamata","Gekkonidae","Near Threatened",2,0.5,"Temperature: annual upper extreme",1
"Lygodactylus blanci","Reptiles","Squamata","Gekkonidae","Vulnerable",2,0.5,"Temperature: annual upper extreme",1
"Lynchius megacephalus","Amphibians","Anura","Strabomantidae","Data Deficient",2,0.5,"Temperature: annual upper extreme",1
"Macropholidus ataktolepis","Reptiles","Squamata","Gymnophthalmidae","Data Deficient",2,0.5,"Temperature: seasonal max upper extreme",1
"Malayotyphlops kraalii","Reptiles","Squamata","Typhlopidae","Data Deficient",2,0.5,"Precipitation: annual upper extreme",1
"Mantella milotympanum","Amphibians","Anura","Mantellidae","Critically Endangered",2,0.5,"Temperature: annual upper extreme",1
"Mantidactylus ambohimitombi","Amphibians","Anura","Mantellidae","Data Deficient",2,0.5,"Temperature: annual upper extreme",1
"Mantidactylus noralottae","Amphibians","Anura","Mantellidae","Data Deficient",2,0.5,"Temperature: annual upper extreme",1
"Mantidactylus pauliani","Amphibians","Anura","Mantellidae","Critically Endangered",2,0.5,"Temperature: annual upper extreme",1
"Mantophryne menziesi","Amphibians","Anura","Microhylidae","Least Concern",2,0.5,"Temperature: annual upper extreme",1
"Megastomatohyla nubicola","Amphibians","Anura","Hylidae","Critically Endangered",2,0.5,"Temperature: annual upper extreme",1
"Megastomatohyla pellita","Amphibians","Anura","Hylidae","Critically Endangered",2,0.5,"Temperature: annual upper extreme",1
"Megophrys ancrae","Amphibians","Anura","Megophryidae","Data Deficient",2,0.5,"Temperature: seasonal max upper extreme",1
"Megophrys vegrandis","Amphibians","Anura","Megophryidae","Endangered",2,0.5,"Temperature: annual upper extreme",1
"Melomys fraterculus","Mammals","Rodentia","Muridae","Endangered",2,0.5,"Precipitation: annual upper extreme",1
"Melomys paveli","Mammals","Rodentia","Muridae","Data Deficient",2,0.5,"Precipitation: annual upper extreme",1
"Metlapilcoatlus indomitus","Reptiles","Squamata","Viperidae","Not assessed",2,0.5,"Precipitation: seasonal max upper extreme",1
"Microcaecilia iwokramae","Amphibians","Gymnophiona","Siphonopidae","Data Deficient",2,0.5,"Temperature: seasonal max upper extreme",1
"Microhyla eos","Amphibians","Anura","Microhylidae","Data Deficient",2,0.5,"Temperature: seasonal max upper extreme",1
"Micrurus margaritiferus","Reptiles","Squamata","Elapidae","Least Concern",6,0.5,"Temperature: annual upper extreme",3
"Micrurus oligoanellatus","Reptiles","Squamata","Elapidae","Data Deficient",2,0.5,"Precipitation: annual upper extreme",1
"Minervarya goemchi","Amphibians","Anura","Dicroglossidae","Endangered",2,0.5,"Temperature: annual upper extreme",1
"Mitophis calypso","Reptiles","Squamata","Leptotyphlopidae","Critically Endangered",2,0.5,"Temperature: annual upper extreme",1
"Mixophyes hihihorlo","Amphibians","Anura","Myobatrachidae","Data Deficient",2,0.5,"Precipitation: annual upper extreme",1
"Monarcha ugiensis","Birds","Passeriformes","Monarchidae","Least Concern",2,0.5,"Temperature: annual upper extreme",1
"Muhtarophis barani","Reptiles","Squamata","Colubridae","Data Deficient",4,0.5,"Precipitation: annual lower extreme",2
"Muntiacus puhoatensis","Mammals","Artiodactyla","Cervidae","Data Deficient",4,0.5,"Precipitation: seasonal max upper extreme",2
"Mus goundae","Mammals","Rodentia","Muridae","Data Deficient",4,0.5,"Temperature: annual upper extreme",2
"Musseromys anacuao","Mammals","Rodentia","Muridae","Data Deficient",2,0.5,"Precipitation: annual upper extreme",1
"Musseromys beneficus","Mammals","Rodentia","Muridae","Data Deficient",4,0.5,"Precipitation: annual upper extreme",2
"Myersiohyla aromatica","Amphibians","Anura","Hylidae","Vulnerable",2,0.5,"Temperature: annual upper extreme",1
"Myersiohyla inparquesi","Amphibians","Anura","Hylidae","Near Threatened",2,0.5,"Temperature: annual upper extreme",1
"Mylomys rex","Mammals","Rodentia","Muridae","Data Deficient",4,0.5,"Precipitation: seasonal min lower extreme",2
"Myoictis wavicus","Mammals","Dasyuromorphia","Dasyuridae","Data Deficient",2,0.5,"Temperature: annual upper extreme",1
"Myosorex rumpii","Mammals","Eulipotyphla","Soricidae","Endangered",2,0.5,"Temperature: annual upper extreme",1
"Nadzikambia baylissi","Reptiles","Squamata","Chamaeleonidae","Near Threatened",2,0.5,"Temperature: annual upper extreme",1
"Nanorana mokokchungensis","Amphibians","Anura","Dicroglossidae","Data Deficient",2,0.5,"Temperature: annual upper extreme",1
"Nesoromys ceramicus","Mammals","Rodentia","Muridae","Endangered",2,0.5,"Precipitation: annual upper extreme",1
"Nilopegamys plumbeus","Mammals","Rodentia","Muridae","Critically Endangered",2,0.5,"Precipitation: seasonal min lower extreme",1
"Nipponia nippon","Birds","Pelecaniformes","Threskiornithidae","Endangered",8,0.5,"Temperature: annual upper extreme",4
"Noblella bagrecito","Amphibians","Anura","Craugastoridae","Not assessed",2,0.5,"Temperature: annual upper extreme",1
"Noblella chirihampatu","Amphibians","Anura","Craugastoridae","Not assessed",2,0.5,"Temperature: annual upper extreme",1
"Nothophryne inagoensis","Amphibians","Anura","Pyxicephalidae","Endangered",2,0.5,"Temperature: annual upper extreme",1
"Nototriton nelsoni","Amphibians","Caudata","Plethodontidae","Critically Endangered",2,0.5,"Precipitation: seasonal max upper extreme",1
"Nototriton oreadorum","Amphibians","Caudata","Plethodontidae","Critically Endangered",2,0.5,"Precipitation: seasonal max upper extreme",1
"Nyctimystes myolae","Amphibians","Anura","Pelodryadidae","Least Concern",2,0.5,"Temperature: annual upper extreme",1
"Nyctophilus shirleyae","Mammals","Chiroptera","Vespertilionidae","Data Deficient",2,0.5,"Temperature: annual upper extreme",1
"Nymphargus phenax","Amphibians","Anura","Centrolenidae","Endangered",2,0.5,"Temperature: seasonal max upper extreme",1
"Nymphargus sucre","Amphibians","Anura","Centrolenidae","Critically Endangered",2,0.5,"Temperature: annual upper extreme",1
"Odorrana monjerai","Amphibians","Anura","Ranidae","Data Deficient",2,0.5,"Precipitation: seasonal max upper extreme",1
"Oedipina capitalina","Amphibians","Caudata","Plethodontidae","Data Deficient",2,0.5,"Temperature: seasonal max upper extreme",1
"Oedipina chortiorum","Amphibians","Caudata","Plethodontidae","Critically Endangered",2,0.5,"Temperature: annual upper extreme",1
"Oedipina tzutujilorum","Amphibians","Caudata","Plethodontidae","Endangered",2,0.5,"Temperature: annual upper extreme",1
"Oligodon melanozonatus","Reptiles","Squamata","Colubridae","Data Deficient",2,0.5,"Temperature: annual upper extreme",1
"Oligosoma taumakae","Reptiles","Squamata","Scincidae","Endangered",2,0.5,"Temperature: annual upper extreme",1
"Ololygon insperata","Amphibians","Anura","Hylidae","Endangered",2,0.5,"Precipitation: annual lower extreme",1
"Ololygon melloi","Amphibians","Anura","Hylidae","Near Threatened",2,0.5,"Precipitation: annual lower extreme",1
"Ololygon tupinamba","Amphibians","Anura","Hylidae","Least Concern",2,0.5,"Precipitation: annual lower extreme",1
"Omoadiphas aurula","Reptiles","Squamata","Dipsadidae","Vulnerable",2,0.5,"Precipitation: seasonal max upper extreme",1
"Omoadiphas texiguatensis","Reptiles","Squamata","Dipsadidae","Critically Endangered",2,0.5,"Precipitation: seasonal max upper extreme",1
"Oophaga occultator","Amphibians","Anura","Dendrobatidae","Critically Endangered",2,0.5,"Temperature: annual upper extreme",1
"Oreobates ayacucho","Amphibians","Anura","Strabomantidae","Endangered",2,0.5,"Temperature: seasonal max upper extreme",1
"Oreophryne alticola","Amphibians","Anura","Microhylidae","Data Deficient",2,0.5,"Precipitation: annual upper extreme",1
"Oreophryne flavomaculata","Amphibians","Anura","Microhylidae","Least Concern",2,0.5,"Temperature: annual upper extreme",1
"Oreophryne graminis","Amphibians","Anura","Microhylidae","Least Concern",2,0.5,"Precipitation: annual upper extreme",1
"Oreophryne lemur","Amphibians","Anura","Microhylidae","Least Concern",2,0.5,"Temperature: annual upper extreme",1
"Oreophryne loriae","Amphibians","Anura","Microhylidae","Data Deficient",2,0.5,"Temperature: annual upper extreme",1
"Oreophryne streiffeleri","Amphibians","Anura","Microhylidae","Least Concern",2,0.5,"Temperature: annual upper extreme",1
"Oryzorictes tetradactylus","Mammals","Afrosoricida","Tenrecidae","Data Deficient",2,0.5,"Temperature: annual upper extreme",1
"Otomops johnstonei","Mammals","Chiroptera","Molossidae","Data Deficient",2,0.5,"Precipitation: seasonal max upper extreme",1
"Otomys barbouri","Mammals","Rodentia","Muridae","Endangered",2,0.5,"Temperature: annual upper extreme",1
"Pachycephala implicata","Birds","Passeriformes","Pachycephalidae","Least Concern",2,0.5,"Temperature: annual upper extreme",1
"Palawanomys furvus","Mammals","Rodentia","Muridae","Least Concern",2,0.5,"Precipitation: annual upper extreme",1
"Paroedura masobe","Reptiles","Squamata","Gekkonidae","Endangered",4,0.5,"Temperature: seasonal max upper extreme",2
"Parvoscincus arvindiesmosi","Reptiles","Squamata","Scincidae","Least Concern",6,0.5,"Precipitation: annual upper extreme",3
"Parvoscincus duwendorum","Reptiles","Squamata","Scincidae","Data Deficient",4,0.5,"Precipitation: annual upper extreme",2
"Parvoscincus lawtoni","Reptiles","Squamata","Scincidae","Data Deficient",4,0.5,"Precipitation: annual upper extreme",2
"Parvoscincus manananggalae","Reptiles","Squamata","Scincidae","Near Threatened",4,0.5,"Precipitation: annual upper extreme",2
"Phalanger matanim","Mammals","Diprotodontia","Phalangeridae","Critically Endangered",2,0.5,"Temperature: annual upper extreme",1
"Pharotis imogene","Mammals","Chiroptera","Vespertilionidae","Critically Endangered",2,0.5,"Temperature: annual upper extreme",1
"Phelsuma masohoala","Reptiles","Squamata","Gekkonidae","Critically Endangered",2,0.5,"Temperature: annual upper extreme",1
"Philautus cornutus","Amphibians","Anura","Rhacophoridae","Endangered",2,0.5,"Temperature: annual upper extreme",1
"Philautus gunungensis","Amphibians","Anura","Rhacophoridae","Least Concern",2,0.5,"Precipitation: annual upper extreme",1
"Philemon eichhorni","Birds","Passeriformes","Meliphagidae","Least Concern",4,0.5,"Temperature: seasonal max upper extreme",2
"Pholidobolus hillisi","Reptiles","Squamata","Gymnophthalmidae","Least Concern",2,0.5,"Temperature: annual upper extreme",1
"Phrynobatrachus chukuchuku","Amphibians","Anura","Phrynobatrachidae","Critically Endangered",2,0.5,"Temperature: annual upper extreme",1
"Phrynobatrachus pintoi","Amphibians","Anura","Phrynobatrachidae","Endangered",4,0.5,"Precipitation: seasonal max upper extreme",2
"Phrynocephalus euptilopus","Reptiles","Squamata","Agamidae","Least Concern",6,0.5,"Temperature: annual upper extreme",3
"Phrynopus heimorum","Amphibians","Anura","Strabomantidae","Critically Endangered",2,0.5,"Precipitation: annual upper extreme",1
"Phrynopus lapidoides","Amphibians","Anura","Strabomantidae","Data Deficient",2,0.5,"Precipitation: annual upper extreme",1
"Phrynopus lechriorhynchus","Amphibians","Anura","Strabomantidae","Data Deficient",2,0.5,"Precipitation: annual upper extreme",1
"Phyllodactylus paucituberculatus","Reptiles","Squamata","Phyllodactylidae","Data Deficient",2,0.5,"Temperature: annual upper extreme",1
"Phyllonastes lynchi","Amphibians","Anura","Craugastoridae","Not assessed",4,0.5,"Temperature: annual upper extreme",2
"Phymaturus bibronii","Reptiles","Squamata","Liolaemidae","Endangered",2,0.5,"Temperature: annual upper extreme",1
"Physalaemus angrensis","Amphibians","Anura","Leptodactylidae","Critically Endangered",2,0.5,"Precipitation: annual lower extreme",1
"Platyceps messanai","Reptiles","Squamata","Colubridae","Data Deficient",6,0.5,"Temperature: annual upper extreme",3
"Platymantis isarog","Amphibians","Anura","Ceratobatrachidae","Least Concern",2,0.5,"Precipitation: annual upper extreme",1
"Platypelis tsaratananaensis","Amphibians","Anura","Microhylidae","Not assessed",2,0.5,"Temperature: annual upper extreme",1
"Plectrohyla insolita","Amphibians","Anura","Hylidae","Not assessed",2,0.5,"Precipitation: seasonal max upper extreme",1
"Plectrohyla psiloderma","Amphibians","Anura","Hylidae","Endangered",2,0.5,"Temperature: annual upper extreme",1
"Polemon leopoldi","Reptiles","Squamata","Atractaspididae","Data Deficient",2,0.5,"Temperature: annual upper extreme",1
"Porcula salvania","Mammals","Artiodactyla","Suidae","Endangered",6,0.5,"Temperature: annual upper extreme",3
"Porthidium hespere","Reptiles","Squamata","Viperidae","Data Deficient",2,0.5,"Temperature: annual upper extreme",1
"Pristimantis albujai","Amphibians","Anura","Strabomantidae","Endangered",2,0.5,"Temperature: annual upper extreme",1
"Pristimantis avicuporum","Amphibians","Anura","Strabomantidae","Least Concern",2,0.5,"Precipitation: seasonal max upper extreme",1
"Pristimantis balionotus","Amphibians","Anura","Strabomantidae","Endangered",2,0.5,"Temperature: annual upper extreme",1
"Pristimantis barrigai","Amphibians","Anura","Strabomantidae","Critically Endangered",2,0.5,"Temperature: annual upper extreme",1
"Pristimantis cacao","Amphibians","Anura","Strabomantidae","Critically Endangered",2,0.5,"Precipitation: annual upper extreme",1
"Pristimantis carlosceroni","Amphibians","Anura","Strabomantidae","Endangered",2,0.5,"Precipitation: seasonal max upper extreme",1
"Pristimantis chomskyi","Amphibians","Anura","Strabomantidae","Endangered",2,0.5,"Temperature: annual upper extreme",1
"Pristimantis coronatus","Amphibians","Anura","Strabomantidae","Data Deficient",2,0.5,"Temperature: annual upper extreme",1
"Pristimantis farisorum","Amphibians","Anura","Strabomantidae","Near Threatened",2,0.5,"Precipitation: annual upper extreme",1
"Pristimantis festae","Amphibians","Anura","Strabomantidae","Endangered",2,0.5,"Precipitation: annual upper extreme",1
"Pristimantis gralarias","Amphibians","Anura","Strabomantidae","Data Deficient",2,0.5,"Precipitation: seasonal max upper extreme",1
"Pristimantis jubatus","Amphibians","Anura","Strabomantidae","Near Threatened",2,0.5,"Precipitation: annual upper extreme",1
"Pristimantis marahuaka","Amphibians","Anura","Strabomantidae","Near Threatened",2,0.5,"Temperature: annual upper extreme",1
"Pristimantis marcoreyesi","Amphibians","Anura","Strabomantidae","Endangered",2,0.5,"Precipitation: annual upper extreme",1
"Pristimantis multicolor","Amphibians","Anura","Strabomantidae","Vulnerable",2,0.5,"Temperature: annual upper extreme",1
"Pristimantis muranunka","Amphibians","Anura","Strabomantidae","Endangered",2,0.5,"Temperature: annual upper extreme",1
"Pristimantis nangaritza","Amphibians","Anura","Strabomantidae","Critically Endangered",2,0.5,"Temperature: annual upper extreme",1
"Pristimantis pahuma","Amphibians","Anura","Strabomantidae","Endangered",2,0.5,"Precipitation: seasonal max upper extreme",1
"Pristimantis paquishae","Amphibians","Anura","Strabomantidae","Critically Endangered",2,0.5,"Temperature: annual upper extreme",1
"Pristimantis salaputium","Amphibians","Anura","Strabomantidae","Least Concern",2,0.5,"Temperature: annual upper extreme",1
"Pristimantis scitulus","Amphibians","Anura","Strabomantidae","Data Deficient",2,0.5,"Temperature: seasonal max upper extreme",1
"Pristimantis teslai","Amphibians","Anura","Strabomantidae","Critically Endangered",2,0.5,"Precipitation: annual upper extreme",1
"Pristimantis torresi","Amphibians","Anura","Strabomantidae","Endangered",2,0.5,"Temperature: annual upper extreme",1
"Proctoporus chasqui","Reptiles","Squamata","Gymnophthalmidae","Least Concern",2,0.5,"Temperature: seasonal max upper extreme",1
"Pseudocalotes guttalineatus","Reptiles","Squamata","Agamidae","Least Concern",2,0.5,"Temperature: annual upper extreme",1
"Pseudoeurycea firscheini","Amphibians","Caudata","Plethodontidae","Endangered",2,0.5,"Temperature: annual upper extreme",1
"Pseudogonatodes furvus","Reptiles","Squamata","Sphaerodactylidae","Data Deficient",2,0.5,"Temperature: annual upper extreme",1
"Pseudohydromys pumehanae","Mammals","Rodentia","Muridae","Data Deficient",2,0.5,"Temperature: annual upper extreme",1
"Pseudohydromys sandrae","Mammals","Rodentia","Muridae","Data Deficient",2,0.5,"Precipitation: annual upper extreme",1
"Pseudohynobius kuankuoshuiensis","Amphibians","Caudata","Hynobiidae","Critically Endangered",2,0.5,"Temperature: annual upper extreme",1
"Pseudophilautus dayawansai","Amphibians","Anura","Rhacophoridae","Critically Endangered",2,0.5,"Temperature: annual upper extreme",1
"Pseudophilautus jagathgunawardanai","Amphibians","Anura","Rhacophoridae","Critically Endangered",2,0.5,"Temperature: annual upper extreme",1
"Pseudophilautus sirilwijesundarai","Amphibians","Anura","Rhacophoridae","Critically Endangered",2,0.5,"Temperature: annual upper extreme",1
"Pseudophilautus stellatus","Amphibians","Anura","Rhacophoridae","Critically Endangered",2,0.5,"Temperature: annual upper extreme",1
"Pseudoxyrhopus ankafinaensis","Reptiles","Squamata","Pseudoxyrhophiidae","Critically Endangered",4,0.5,"Temperature: seasonal max upper extreme",2
"Pterodroma baraui","Birds","Procellariiformes","Procellariidae","Endangered",2,0.5,"Temperature: annual upper extreme",1
"Ptilinopus richardsii","Birds","Columbiformes","Columbidae","Least Concern",2,0.5,"Temperature: annual upper extreme",1
"Ramphotyphlops marxi","Reptiles","Squamata","Typhlopidae","Data Deficient",2,0.5,"Precipitation: annual upper extreme",1
"Rana tavasensis","Amphibians","Anura","Ranidae","Critically Endangered",2,0.5,"Temperature: seasonal max upper extreme",1
"Raorchestes manipurensis","Amphibians","Anura","Rhacophoridae","Data Deficient",2,0.5,"Temperature: annual upper extreme",1
"Raorchestes rezakhani","Amphibians","Anura","Rhacophoridae","Data Deficient",2,0.5,"Temperature: annual upper extreme",1
"Rattus jobiensis","Mammals","Rodentia","Muridae","Least Concern",6,0.5,"Precipitation: annual upper extreme",3
"Rhadinaea myersi","Reptiles","Squamata","Dipsadidae","Data Deficient",2,0.5,"Temperature: annual upper extreme",1
"Rhaebo atelopoides","Amphibians","Anura","Bufonidae","Critically Endangered",2,0.5,"Precipitation: annual upper extreme",1
"Rhampholeon gorongosae","Reptiles","Squamata","Chamaeleonidae","Endangered",2,0.5,"Temperature: annual upper extreme",1
"Rhampholeon maspictus","Reptiles","Squamata","Chamaeleonidae","Near Threatened",2,0.5,"Temperature: annual upper extreme",1
"Rhinatrema shiv","Amphibians","Gymnophiona","Rhinatrematidae","Endangered",4,0.5,"Precipitation: seasonal max upper extreme",2
"Rhinella bernardoi","Amphibians","Anura","Bufonidae","Data Deficient",2,0.5,"Temperature: annual upper extreme",1
"Rhinella nesiotes","Amphibians","Anura","Bufonidae","Vulnerable",2,0.5,"Precipitation: annual upper extreme",1
"Rhinopithecus strykeri","Mammals","Primates","Cercopithecidae","Critically Endangered",2,0.5,"Temperature: seasonal max upper extreme",1
"Rhombophryne mangabensis","Amphibians","Anura","Microhylidae","Vulnerable",2,0.5,"Temperature: seasonal max upper extreme",1
"Rhombophryne proportionalis","Amphibians","Anura","Microhylidae","Not assessed",2,0.5,"Temperature: annual upper extreme",1
"Rhynchomeles prattorum","Mammals","Peramelemorphia","Peramelidae","Endangered",2,0.5,"Precipitation: annual upper extreme",1
"Rhynchomys tapulao","Mammals","Rodentia","Muridae","Data Deficient",2,0.5,"Temperature: annual upper extreme",1
"Riama balneator","Reptiles","Squamata","Gymnophthalmidae","Endangered",2,0.5,"Precipitation: annual upper extreme",1
"Sarcohyla chryses","Amphibians","Anura","Hylidae","Endangered",2,0.5,"Temperature: annual upper extreme",1
"Scolecoseps litipoensis","Reptiles","Squamata","Scincidae","Data Deficient",4,0.5,"Temperature: seasonal max upper extreme",2
"Serranobatrachus carmelitae","Amphibians","Anura","Strabomantidae","Not assessed",2,0.5,"Temperature: annual upper extreme",1
"Serranobatrachus delicatus","Amphibians","Anura","Strabomantidae","Not assessed",2,0.5,"Temperature: annual upper extreme",1
"Setophaga angelae","Birds","Passeriformes","Parulidae","Endangered",2,0.5,"Temperature: annual upper extreme",1
"Siderolamprus atitlanensis","Reptiles","Squamata","Diploglossidae","Not assessed",2,0.5,"Temperature: annual upper extreme",1
"Smaug breyeri","Reptiles","Squamata","Cordylidae","Least Concern",28,0.5,"Precipitation: seasonal max upper extreme",14
"Sorex stizodon","Mammals","Eulipotyphla","Soricidae","Critically Endangered",2,0.5,"Temperature: annual upper extreme",1
"Soricomys kalinga","Mammals","Rodentia","Muridae","Least Concern",2,0.5,"Precipitation: annual upper extreme",1
"Spalerosophis josephscorteccii","Reptiles","Squamata","Colubridae","Data Deficient",2,0.5,"Temperature: annual upper extreme",1
"Speleomantes genei","Amphibians","Caudata","Plethodontidae","Vulnerable",4,0.5,"Temperature: annual upper extreme",2
"Speleomantes supramontis","Amphibians","Caudata","Plethodontidae","Endangered",2,0.5,"Temperature: annual upper extreme",1
"Sphaerodactylus cochranae","Reptiles","Squamata","Sphaerodactylidae","Critically Endangered",4,0.5,"Temperature: annual upper extreme",2
"Sphaerodactylus leucaster","Reptiles","Squamata","Sphaerodactylidae","Least Concern",2,0.5,"Temperature: annual upper extreme",1
"Sphaerodactylus oxyrhinus","Reptiles","Squamata","Sphaerodactylidae","Endangered",4,0.5,"Temperature: annual upper extreme",2
"Sphaerodactylus parkeri","Reptiles","Squamata","Sphaerodactylidae","Endangered",2,0.5,"Temperature: annual upper extreme",1
"Sphaerodactylus richardsoni","Reptiles","Squamata","Sphaerodactylidae","Endangered",8,0.5,"Temperature: seasonal max upper extreme",4
"Sphaerodactylus schuberti","Reptiles","Squamata","Sphaerodactylidae","Critically Endangered",2,0.5,"Temperature: annual upper extreme",1
"Sphaerodactylus siboney","Reptiles","Squamata","Sphaerodactylidae","Least Concern",2,0.5,"Temperature: annual upper extreme",1
"Sphenomorphus microtympanum","Reptiles","Squamata","Scincidae","Least Concern",2,0.5,"Temperature: annual upper extreme",1
"Sphenomorphus shelfordi","Reptiles","Squamata","Scincidae","Data Deficient",2,0.5,"Precipitation: annual upper extreme",1
"Sphenophryne crassa","Amphibians","Anura","Microhylidae","Least Concern",2,0.5,"Temperature: annual upper extreme",1
"Strophurus congoo","Reptiles","Squamata","Diplodactylidae","Data Deficient",4,0.5,"Precipitation: seasonal max upper extreme",2
"Stumpffia be","Amphibians","Anura","Microhylidae","Endangered",4,0.5,"Temperature: annual upper extreme",2
"Stumpffia dolchi","Amphibians","Anura","Microhylidae","Not assessed",2,0.5,"Temperature: seasonal max upper extreme",1
"Stumpffia edmondsi","Amphibians","Anura","Microhylidae","Not assessed",2,0.5,"Temperature: annual upper extreme",1
"Stumpffia garraffoi","Amphibians","Anura","Microhylidae","Not assessed",2,0.5,"Temperature: annual upper extreme",1
"Stumpffia hara","Amphibians","Anura","Microhylidae","Critically Endangered",2,0.5,"Temperature: annual upper extreme",1
"Suncus mertensi","Mammals","Eulipotyphla","Soricidae","Endangered",2,0.5,"Precipitation: annual upper extreme",1
"Sundasciurus davensis","Mammals","Rodentia","Sciuridae","Data Deficient",2,0.5,"Precipitation: annual upper extreme",1
"Sundasciurus rabori","Mammals","Rodentia","Sciuridae","Data Deficient",2,0.5,"Precipitation: annual upper extreme",1
"Sundasciurus steerii","Mammals","Rodentia","Sciuridae","Least Concern",2,0.5,"Precipitation: annual upper extreme",1
"Sylvia balearica","Birds","Passeriformes","Sylviidae","Not assessed",6,0.5,"Temperature: annual upper extreme",3
"Sylvisorex corbeti","Mammals","Eulipotyphla","Soricidae","Data Deficient",2,0.5,"Temperature: annual upper extreme",1
"Sylvisorex morio","Mammals","Eulipotyphla","Soricidae","Endangered",4,0.5,"Precipitation: annual upper extreme",2
"Synophis calamitus","Reptiles","Squamata","Dipsadidae","Data Deficient",2,0.5,"Precipitation: seasonal max upper extreme",1
"Takydromus sikkimensis","Reptiles","Squamata","Lacertidae","Endangered",2,0.5,"Temperature: annual upper extreme",1
"Tantilla cascadae","Reptiles","Squamata","Colubridae","Data Deficient",2,0.5,"Temperature: annual upper extreme",1
"Tantilla miyatai","Reptiles","Squamata","Colubridae","Data Deficient",2,0.5,"Temperature: annual upper extreme",1
"Tantilla striata","Reptiles","Squamata","Colubridae","Data Deficient",2,0.5,"Temperature: annual upper extreme",1
"Tarentola boettgeri","Reptiles","Squamata","Phyllodactylidae","Least Concern",2,0.5,"Temperature: annual upper extreme",1
"Tarentola crombiei","Reptiles","Squamata","Phyllodactylidae","Least Concern",4,0.5,"Temperature: annual upper extreme",2
"Taudactylus eungellensis","Amphibians","Anura","Myobatrachidae","Endangered",2,0.5,"Precipitation: annual upper extreme",1
"Teira dugesii","Reptiles","Squamata","Lacertidae","Least Concern",2,0.5,"Temperature: annual upper extreme",1
"Telmatobius colanensis","Amphibians","Anura","Telmatobiidae","Data Deficient",2,0.5,"Temperature: annual upper extreme",1
"Thamnophis rossmani","Reptiles","Squamata","Natricidae","Data Deficient",2,0.5,"Temperature: annual upper extreme",1
"Thamnosophis martae","Reptiles","Squamata","Pseudoxyrhophiidae","Endangered",4,0.5,"Temperature: annual upper extreme",2
"Theloderma nagalandense","Amphibians","Anura","Rhacophoridae","Data Deficient",2,0.5,"Temperature: annual upper extreme",1
"Thorius magnipes","Amphibians","Caudata","Plethodontidae","Critically Endangered",2,0.5,"Temperature: annual upper extreme",1
"Thorius minutissimus","Amphibians","Caudata","Plethodontidae","Critically Endangered",2,0.5,"Temperature: annual upper extreme",1
"Thorius omiltemi","Amphibians","Caudata","Plethodontidae","Endangered",2,0.5,"Temperature: annual upper extreme",1
"Thorius pinicola","Amphibians","Caudata","Plethodontidae","Endangered",2,0.5,"Temperature: annual upper extreme",1
"Tricheilostoma broadleyi","Reptiles","Squamata","Leptotyphlopidae","Data Deficient",2,0.5,"Temperature: annual upper extreme",1
"Tricheilostoma greenwelli","Reptiles","Squamata","Leptotyphlopidae","Data Deficient",4,0.5,"Temperature: annual upper extreme",2
"Trichoglossus flavoviridis","Birds","Psittaciformes","Psittacidae","Least Concern",2,0.5,"Precipitation: seasonal max upper extreme",1
"Trimeresurus arunachalensis","Reptiles","Squamata","Viperidae","Data Deficient",2,0.5,"Temperature: annual upper extreme",1
"Tumbunascincus luteilateralis","Reptiles","Squamata","Scincidae","Data Deficient",2,0.5,"Precipitation: annual upper extreme",1
"Tylototriton anhuiensis","Amphibians","Caudata","Salamandridae","Critically Endangered",2,0.5,"Temperature: annual upper extreme",1
"Typhlops oxyrhinus","Reptiles","Squamata","Typhlopidae","Data Deficient",4,0.5,"Temperature: annual upper extreme",2
"Typhlops tetrathyreus","Reptiles","Squamata","Typhlopidae","Endangered",2,0.5,"Temperature: annual upper extreme",1
"Uma paraphygas","Reptiles","Squamata","Phrynosomatidae","Near Threatened",6,0.5,"Temperature: annual upper extreme",3
"Werneria submontana","Amphibians","Anura","Bufonidae","Endangered",2,0.5,"Temperature: annual upper extreme",1
"Wolterstorffina mirei","Amphibians","Anura","Bufonidae","Endangered",2,0.5,"Temperature: annual upper extreme",1
"Xenopus calcaratus","Amphibians","Anura","Pipidae","Data Deficient",2,0.5,"Precipitation: seasonal max upper extreme",1
"Xenorhina huon","Amphibians","Anura","Microhylidae","Data Deficient",2,0.5,"Temperature: annual upper extreme",1
"Xenorhina scheepstrai","Amphibians","Anura","Microhylidae","Data Deficient",2,0.5,"Precipitation: annual upper extreme",1
"Xenorhina tillacki","Amphibians","Anura","Microhylidae","Least Concern",2,0.5,"Precipitation: annual upper extreme",1
"Xenosaurus phalaroanthereon","Reptiles","Squamata","Xenosauridae","Data Deficient",2,0.5,"Temperature: annual upper extreme",1
"Zavattariornis stresemanni","Birds","Passeriformes","Corvidae","Endangered",18,0.5,"Precipitation: seasonal min lower extreme",9
"Zhangixalus hongchibaensis","Amphibians","Anura","Rhacophoridae","Endangered",2,0.5,"Temperature: annual upper extreme",1
"Zoothera turipavae","Birds","Passeriformes","Turdidae","Vulnerable",2,0.5,"Temperature: annual upper extreme",1
"Zosterornis latistriatus","Birds","Passeriformes","Zosteropidae","Least Concern",4,0.5,"Precipitation: annual upper extreme",2
"Scelotes arenicola","Reptiles","Squamata","Scincidae","Least Concern",33,0.485,"Temperature: seasonal max upper extreme",16
"Agelasticus xanthophthalmus","Birds","Passeriformes","Icteridae","Least Concern",27,0.481,"Temperature: seasonal max upper extreme",13
"Hynobius tokyoensis","Amphibians","Caudata","Hynobiidae","Vulnerable",25,0.48,"Temperature: seasonal max upper extreme",12
"Lerista puncticauda","Reptiles","Squamata","Scincidae","Endangered",25,0.48,"Temperature: seasonal max upper extreme",12
"Chalcides mauritanicus","Reptiles","Squamata","Scincidae","Endangered",21,0.476,"Temperature: annual upper extreme",10
"Mantella bernhardi","Amphibians","Anura","Mantellidae","Vulnerable",21,0.476,"Temperature: seasonal max upper extreme",10
"Cornufer heffernani","Amphibians","Anura","Ceratobatrachidae","Least Concern",13,0.462,"Temperature: seasonal max upper extreme",6
"Linaria johannis","Birds","Passeriformes","Fringillidae","Near Threatened",13,0.462,"Precipitation: seasonal min lower extreme",6
"Paroedura vazimba","Reptiles","Squamata","Gekkonidae","Vulnerable",26,0.462,"Temperature: annual upper extreme",12
"Tephrozosterops stalkeri","Birds","Passeriformes","Zosteropidae","Least Concern",13,0.462,"Precipitation: annual upper extreme",6
"Atractus favae","Reptiles","Squamata","Dipsadidae","Data Deficient",24,0.458,"Temperature: seasonal max upper extreme",11
"Xenopirostris damii","Birds","Passeriformes","Vangidae","Endangered",24,0.458,"Temperature: annual upper extreme",11
"Corvus woodfordi","Birds","Passeriformes","Corvidae","Least Concern",11,0.455,"Temperature: seasonal max upper extreme",5
"Gymnophaps stalkeri","Birds","Columbiformes","Columbidae","Least Concern",11,0.455,"Precipitation: annual upper extreme",5
"Lygodactylus waterbergensis","Reptiles","Squamata","Gekkonidae","Least Concern",11,0.455,"Precipitation: seasonal max upper extreme",5
"Lygisaurus zuma","Reptiles","Squamata","Scincidae","Least Concern",31,0.452,"Precipitation: seasonal max upper extreme",14
"Leptotyphlops aethiopicus","Reptiles","Squamata","Leptotyphlopidae","Least Concern",20,0.45,"Precipitation: seasonal min lower extreme",9
"Zonosaurus maximus","Reptiles","Squamata","Gerrhosauridae","Vulnerable",20,0.45,"Temperature: seasonal max upper extreme",9
"Hypsugo bemainty","Mammals","Chiroptera","Vespertilionidae","Least Concern",9,0.444,"Temperature: seasonal max upper extreme",4
"Lygodactylus klemmeri","Reptiles","Squamata","Gekkonidae","Near Threatened",9,0.444,"Temperature: annual upper extreme",4
"Madascincus macrolepis","Reptiles","Squamata","Scincidae","Endangered",9,0.444,"Temperature: seasonal max upper extreme",4
"Nesomys lambertoni","Mammals","Rodentia","Nesomyidae","Endangered",9,0.444,"Temperature: annual upper extreme",4
"Platymantis negrosensis","Amphibians","Anura","Ceratobatrachidae","Near Threatened",9,0.444,"Precipitation: annual upper extreme",4
"Chalcides parallelus","Reptiles","Squamata","Scincidae","Endangered",16,0.438,"Temperature: annual upper extreme",7
"Pachycephala phaionota","Birds","Passeriformes","Pachycephalidae","Least Concern",16,0.438,"Precipitation: annual upper extreme",7
"Phelsuma borai","Reptiles","Squamata","Gekkonidae","Data Deficient",16,0.438,"Temperature: seasonal max upper extreme",7
"Furcifer rhinoceratus","Reptiles","Squamata","Chamaeleonidae","Vulnerable",46,0.435,"Temperature: annual upper extreme",20
"Ameerega shihuemoy","Amphibians","Anura","Dendrobatidae","Endangered",7,0.429,"Temperature: seasonal max upper extreme",3
"Antillotyphlops hypomethes","Reptiles","Squamata","Typhlopidae","Least Concern",7,0.429,"Temperature: annual upper extreme",3
"Cornufer batantae","Amphibians","Anura","Ceratobatrachidae","Least Concern",7,0.429,"Precipitation: annual upper extreme",3
"Dendromus oreas","Mammals","Rodentia","Nesomyidae","Least Concern",7,0.429,"Precipitation: seasonal max upper extreme",3
"Gekko canhi","Reptiles","Squamata","Gekkonidae","Least Concern",7,0.429,"Precipitation: seasonal min lower extreme",3
"Hynobius quelpaertensis","Amphibians","Caudata","Hynobiidae","Vulnerable",14,0.429,"Temperature: seasonal max upper extreme",6
"Liolaemus incaicus","Reptiles","Squamata","Liolaemidae","Least Concern",7,0.429,"Temperature: seasonal max upper extreme",3
"Mediodactylus sagittifer","Reptiles","Squamata","Gekkonidae","Data Deficient",7,0.429,"Temperature: annual upper extreme",3
"Mesobaena huebneri","Reptiles","Squamata","Amphisbaenidae","Least Concern",7,0.429,"Precipitation: annual upper extreme",3
"Odorrana mutschmanni","Amphibians","Anura","Ranidae","Data Deficient",7,0.429,"Precipitation: seasonal min lower extreme",3
"Lonchorhina marinkellei","Mammals","Chiroptera","Phyllostomidae","Vulnerable",38,0.421,"Precipitation: seasonal max upper extreme",16
"Agamodon compressus","Reptiles","Squamata","Trogonophidae","Data Deficient",12,0.417,"Precipitation: seasonal min lower extreme",5
"Ameerega simulans","Amphibians","Anura","Dendrobatidae","Least Concern",47,0.404,"Temperature: seasonal max upper extreme",19
"Accipiter imitator","Birds","Accipitriformes","Accipitridae","Near Threatened",15,0.4,"Temperature: seasonal max upper extreme",6
"Alytes muletensis","Amphibians","Anura","Alytidae","Endangered",5,0.4,"Temperature: annual upper extreme",2
"Amphisbaena schmidti","Reptiles","Squamata","Amphisbaenidae","Least Concern",5,0.4,"Temperature: annual upper extreme",2
"Ancylocranium ionidesi","Reptiles","Squamata","Amphisbaenidae","Data Deficient",5,0.4,"Temperature: seasonal max upper extreme",2
"Anolis bahorucoensis","Reptiles","Squamata","Anolidae","Vulnerable",5,0.4,"Temperature: annual upper extreme",2
"Anolis simmonsi","Reptiles","Squamata","Anolidae","Data Deficient",5,0.4,"Temperature: annual upper extreme",2
"Atlantihyla spinipollex","Amphibians","Anura","Hylidae","Endangered",5,0.4,"Temperature: annual upper extreme",2
"Barygenys resima","Amphibians","Anura","Microhylidae","Least Concern",5,0.4,"Temperature: annual upper extreme",2
"Bunomys prolatus","Mammals","Rodentia","Muridae","Endangered",5,0.4,"Precipitation: annual upper extreme",2
"Calumma fallax","Reptiles","Squamata","Chamaeleonidae","Data Deficient",10,0.4,"Temperature: seasonal max upper extreme",4
"Centrolene petrophilum","Amphibians","Anura","Centrolenidae","Endangered",5,0.4,"Temperature: annual upper extreme",2
"Ceyx meeki","Birds","Coraciiformes","Alcedinidae","Least Concern",15,0.4,"Temperature: seasonal max upper extreme",6
"Cnemaspis andalas","Reptiles","Squamata","Gekkonidae","Least Concern",5,0.4,"Temperature: annual upper extreme",2
"Coleura kibomalandy","Mammals","Chiroptera","Emballonuridae","Data Deficient",5,0.4,"Temperature: annual upper extreme",2
"Cophoscincopus senegalensis","Reptiles","Squamata","Scincidae","Data Deficient",5,0.4,"Precipitation: seasonal max upper extreme",2
"Cornufer acrochordus","Amphibians","Anura","Ceratobatrachidae","Least Concern",15,0.4,"Temperature: seasonal max upper extreme",6
"Cornufer aculeodactylus","Amphibians","Anura","Ceratobatrachidae","Least Concern",15,0.4,"Temperature: seasonal max upper extreme",6
"Cornufer neckeri","Amphibians","Anura","Ceratobatrachidae","Least Concern",15,0.4,"Temperature: seasonal max upper extreme",6
"Cornufer trossulus","Amphibians","Anura","Ceratobatrachidae","Least Concern",15,0.4,"Temperature: seasonal max upper extreme",6
"Cricosaura typica","Reptiles","Squamata","Xantusiidae","Near Threatened",5,0.4,"Temperature: annual upper extreme",2
"Crocidura lucina","Mammals","Eulipotyphla","Soricidae","Vulnerable",20,0.4,"Precipitation: seasonal min lower extreme",8
"Crocidura phaeura","Mammals","Eulipotyphla","Soricidae","Endangered",5,0.4,"Precipitation: seasonal min lower extreme",2
"Cyrtodactylus fumosus","Reptiles","Squamata","Gekkonidae","Data Deficient",5,0.4,"Precipitation: seasonal max upper extreme",2
"Cyrtodactylus russelli","Reptiles","Squamata","Gekkonidae","Data Deficient",5,0.4,"Temperature: annual upper extreme",2
"Desertum lugoi","Reptiles","Squamata","Anguidae","Not assessed",5,0.4,"Temperature: annual upper extreme",2
"Eleutherodactylus diplasius","Amphibians","Anura","Eleutherodactylidae","Critically Endangered",5,0.4,"Temperature: annual upper extreme",2
"Eleutherodactylus leoncei","Amphibians","Anura","Eleutherodactylidae","Endangered",5,0.4,"Temperature: annual upper extreme",2
"Eleutherodactylus oxyrhyncus","Amphibians","Anura","Eleutherodactylidae","Critically Endangered",5,0.4,"Temperature: annual upper extreme",2
"Eutropis sibalom","Reptiles","Squamata","Scincidae","Data Deficient",5,0.4,"Precipitation: annual upper extreme",2
"Gastrotheca ochoai","Amphibians","Anura","Hemiphractidae","Endangered",5,0.4,"Temperature: seasonal max upper extreme",2
"Gehyra georgpotthasti","Reptiles","Squamata","Gekkonidae","Vulnerable",5,0.4,"Temperature: annual upper extreme",2
"Gephyromantis silvanus","Amphibians","Anura","Mantellidae","Vulnerable",5,0.4,"Temperature: seasonal max upper extreme",2
"Guibemantis wattersoni","Amphibians","Anura","Mantellidae","Endangered",5,0.4,"Temperature: annual upper extreme",2
"Heinrichia simplex","Birds","Passeriformes","Muscicapidae","Least Concern",5,0.4,"Precipitation: seasonal max upper extreme",2
"Heleia pinaiae","Birds","Passeriformes","Zosteropidae","Least Concern",5,0.4,"Precipitation: annual upper extreme",2
"Hyperolius inyangae","Amphibians","Anura","Hyperoliidae","Vulnerable",5,0.4,"Temperature: seasonal max upper extreme",2
"Lepidodactylus intermedius","Reptiles","Squamata","Gekkonidae","Data Deficient",5,0.4,"Precipitation: seasonal max upper extreme",2
"Lepilemur wrightae","Mammals","Primates","Lepilemuridae","Endangered",5,0.4,"Temperature: annual upper extreme",2
"Leptobrachella puhoatensis","Amphibians","Anura","Megophryidae","Endangered",5,0.4,"Precipitation: seasonal max upper extreme",2
"Leptobrachium guangxiense","Amphibians","Anura","Megophryidae","Vulnerable",5,0.4,"Precipitation: seasonal min lower extreme",2
"Lygodactylus graniticolus","Reptiles","Squamata","Gekkonidae","Least Concern",5,0.4,"Precipitation: seasonal max upper extreme",2
"Maxomys wattsi","Mammals","Rodentia","Muridae","Endangered",5,0.4,"Precipitation: annual upper extreme",2
"Megalurulus llaneae","Birds","Passeriformes","Locustellidae","Not assessed",5,0.4,"Temperature: annual upper extreme",2
"Melomys aerosus","Mammals","Rodentia","Muridae","Endangered",5,0.4,"Precipitation: annual upper extreme",2
"Melonycteris woodfordi","Mammals","Chiroptera","Pteropodidae","Not assessed",15,0.4,"Temperature: seasonal max upper extreme",6
"Mesoscincus altamirani","Reptiles","Squamata","Scincidae","Data Deficient",5,0.4,"Temperature: annual upper extreme",2
"Myzomela lafargei","Birds","Passeriformes","Meliphagidae","Least Concern",15,0.4,"Temperature: seasonal max upper extreme",6
"Nesasio solomonensis","Birds","Strigiformes","Strigidae","Near Threatened",15,0.4,"Temperature: seasonal max upper extreme",6
"Ninox jacquinoti","Birds","Strigiformes","Strigidae","Least Concern",15,0.4,"Temperature: seasonal max upper extreme",6
"Oreophryne anser","Amphibians","Anura","Microhylidae","Least Concern",5,0.4,"Temperature: annual upper extreme",2
"Oreophryne equus","Amphibians","Anura","Microhylidae","Least Concern",5,0.4,"Temperature: annual upper extreme",2
"Parvoscincus luzonensis","Reptiles","Squamata","Scincidae","Data Deficient",5,0.4,"Precipitation: annual upper extreme",2
"Phelsuma berghofi","Reptiles","Squamata","Gekkonidae","Near Threatened",5,0.4,"Temperature: annual upper extreme",2
"Phelsuma klemmeri","Reptiles","Squamata","Gekkonidae","Endangered",5,0.4,"Temperature: annual upper extreme",2
"Pitta anerythra","Birds","Passeriformes","Pittidae","Near Threatened",15,0.4,"Temperature: seasonal max upper extreme",6
"Pleurodeles poireti","Amphibians","Caudata","Salamandridae","Endangered",10,0.4,"Temperature: annual upper extreme",4
"Potamites montanicola","Reptiles","Squamata","Gymnophthalmidae","Data Deficient",5,0.4,"Temperature: seasonal max upper extreme",2
"Pristidactylus valeriae","Reptiles","Squamata","Leiosauridae","Endangered",5,0.4,"Precipitation: seasonal min lower extreme",2
"Propithecus edwardsi","Mammals","Primates","Indriidae","Endangered",5,0.4,"Precipitation: annual lower extreme",2
"Pteropus mahaganus","Mammals","Chiroptera","Pteropodidae","Least Concern",15,0.4,"Temperature: seasonal max upper extreme",6
"Ptilocichla falcata","Birds","Passeriformes","Pellorneidae","Vulnerable",5,0.4,"Precipitation: annual upper extreme",2
"Rhinopithecus brelichi","Mammals","Primates","Cercopithecidae","Critically Endangered",5,0.4,"Temperature: annual upper extreme",2
"Rigidipenna inexpectata","Birds","Caprimulgiformes","Podargidae","Near Threatened",15,0.4,"Temperature: seasonal max upper extreme",6
"Saimiri vanzolinii","Mammals","Primates","Cebidae","Endangered",10,0.4,"Temperature: seasonal max upper extreme",4
"Sericulus bakeri","Birds","Passeriformes","Ptilonorhynchidae","Near Threatened",5,0.4,"Temperature: annual upper extreme",2
"Tribolonotus ponceleti","Reptiles","Squamata","Scincidae","Data Deficient",15,0.4,"Temperature: seasonal max upper extreme",6
"Tyto almae","Birds","Strigiformes","Tytonidae","Not assessed",5,0.4,"Precipitation: annual upper extreme",2
"Zosterops metcalfii","Birds","Passeriformes","Zosteropidae","Least Concern",15,0.4,"Temperature: seasonal max upper extreme",6
"Xenagama zonura","Reptiles","Squamata","Agamidae","Data Deficient",28,0.393,"Precipitation: seasonal min lower extreme",11
"Cercopithecus dryas","Mammals","Primates","Cercopithecidae","Not assessed",79,0.392,"Temperature: annual upper extreme",31
"Litoria aruensis","Amphibians","Anura","Pelodryadidae","Data Deficient",18,0.389,"Precipitation: annual upper extreme",7
"Megophrys nankiangensis","Amphibians","Anura","Megophryidae","Vulnerable",18,0.389,"Temperature: seasonal max upper extreme",7
"Zygaspis violacea","Reptiles","Squamata","Amphisbaenidae","Least Concern",18,0.389,"Temperature: seasonal max upper extreme",7
"Salinomys delicatus","Mammals","Rodentia","Cricetidae","Data Deficient",67,0.388,"Temperature: seasonal max upper extreme",26
"Sorex maritimensis","Mammals","Eulipotyphla","Soricidae","Least Concern",116,0.388,"Precipitation: seasonal min lower extreme",45
"Achalinus huangjietangi","Reptiles","Squamata","Xenodermidae","Not assessed",13,0.385,"Temperature: seasonal max upper extreme",5
"Lampropholis similis","Reptiles","Squamata","Scincidae","Not assessed",26,0.385,"Precipitation: seasonal max upper extreme",10
"Tachyoryctes macrocephalus","Mammals","Rodentia","Spalacidae","Endangered",13,0.385,"Precipitation: seasonal min lower extreme",5
"Trioceros harennae","Reptiles","Squamata","Chamaeleonidae","Least Concern",13,0.385,"Precipitation: seasonal min lower extreme",5
"Acanthocercus guentherpetersi","Reptiles","Squamata","Agamidae","Least Concern",21,0.381,"Precipitation: seasonal min lower extreme",8
"Paracassina kounhiensis","Amphibians","Anura","Hyperoliidae","Vulnerable",21,0.381,"Precipitation: seasonal min lower extreme",8
"Crocidura bottegoides","Mammals","Eulipotyphla","Soricidae","Endangered",29,0.379,"Precipitation: seasonal min lower extreme",11
"Hemidactylus granchii","Reptiles","Squamata","Gekkonidae","Data Deficient",29,0.379,"Temperature: annual upper extreme",11
"Xolmis salinarum","Birds","Passeriformes","Tyrannidae","Least Concern",45,0.378,"Temperature: seasonal max upper extreme",17
"Anolis vaupesianus","Reptiles","Squamata","Anolidae","Least Concern",93,0.376,"Precipitation: annual upper extreme",35
"Afroedura gorongosa","Reptiles","Squamata","Gekkonidae","Least Concern",8,0.375,"Temperature: seasonal max upper extreme",3
"Allobates fuscellus","Amphibians","Anura","Aromobatidae","Least Concern",16,0.375,"Precipitation: seasonal max upper extreme",6
"Cardioglossa congolia","Amphibians","Anura","Arthroleptidae","Near Threatened",8,0.375,"Temperature: annual upper extreme",3
"Cheirogaleus shethi","Mammals","Primates","Cheirogaleidae","Endangered",8,0.375,"Temperature: annual upper extreme",3
"Lepilemur milanoii","Mammals","Primates","Lepilemuridae","Endangered",8,0.375,"Temperature: annual upper extreme",3
"Litoria timida","Amphibians","Anura","Pelodryadidae","Least Concern",8,0.375,"Temperature: seasonal max upper extreme",3
"Phisalixella variabilis","Reptiles","Squamata","Pseudoxyrhophiidae","Endangered",8,0.375,"Temperature: seasonal max upper extreme",3
"Plestiodon liui","Reptiles","Squamata","Scincidae","Data Deficient",8,0.375,"Temperature: annual upper extreme",3
"Propithecus coquereli","Mammals","Primates","Indriidae","Critically Endangered",40,0.375,"Temperature: annual upper extreme",15
"Scolecoseps broadleyi","Reptiles","Squamata","Scincidae","Near Threatened",8,0.375,"Temperature: seasonal max upper extreme",3
"Amazophrynella javierbustamantei","Amphibians","Anura","Bufonidae","Least Concern",97,0.371,"Temperature: seasonal max upper extreme",36
"Lyciasalamandra atifi","Amphibians","Caudata","Salamandridae","Endangered",11,0.364,"Precipitation: annual lower extreme",4
"Onychodactylus fischeri","Amphibians","Caudata","Hynobiidae","Near Threatened",66,0.364,"Temperature: seasonal max upper extreme",24
"Poecilotriccus albifacies","Birds","Passeriformes","Tyrannidae","Least Concern",22,0.364,"Temperature: seasonal max upper extreme",8
"Uromastyx macfadyeni","Reptiles","Squamata","Agamidae","Least Concern",11,0.364,"Temperature: annual upper extreme",4
"Arvicanthis blicki","Mammals","Rodentia","Muridae","Near Threatened",36,0.361,"Precipitation: seasonal min lower extreme",13
"Allobates vanzolinius","Amphibians","Anura","Aromobatidae","Least Concern",14,0.357,"Precipitation: seasonal max upper extreme",5
"Carlia rhomboidalis","Reptiles","Squamata","Scincidae","Least Concern",28,0.357,"Precipitation: annual upper extreme",10
"Hemidactylus luqueorum","Reptiles","Squamata","Gekkonidae","Least Concern",14,0.357,"Temperature: annual upper extreme",5
"Pteralopex flanneryi","Mammals","Chiroptera","Pteropodidae","Critically Endangered",14,0.357,"Temperature: seasonal max upper extreme",5
"Neusticurus medemi","Reptiles","Squamata","Gymnophthalmidae","Least Concern",48,0.354,"Precipitation: annual upper extreme",17
"Leptodactylus albilabris","Amphibians","Anura","Leptodactylidae","Least Concern",17,0.353,"Temperature: annual upper extreme",6
"Salomonelaps par","Reptiles","Squamata","Elapidae","Least Concern",17,0.353,"Temperature: seasonal max upper extreme",6
"Neonycteris pusilla","Mammals","Chiroptera","Phyllostomidae","Data Deficient",20,0.35,"Precipitation: annual upper extreme",7
"Oreophryne cameroni","Amphibians","Anura","Microhylidae","Endangered",20,0.35,"Temperature: seasonal max upper extreme",7
"Furcifer angeli","Reptiles","Squamata","Chamaeleonidae","Least Concern",63,0.349,"Temperature: annual upper extreme",22
"Stenocephalemys albocaudata","Mammals","Rodentia","Muridae","Least Concern",23,0.348,"Precipitation: seasonal min lower extreme",8
"Acridotheres melanopterus","Birds","Passeriformes","Sturnidae","Endangered",3,0.333,"Temperature: seasonal max upper extreme",1
"Aglyptodactylus australis","Amphibians","Anura","Mantellidae","Endangered",3,0.333,"Temperature: annual upper extreme",1
"Allobates undulatus","Amphibians","Anura","Aromobatidae","Vulnerable",3,0.333,"Temperature: annual upper extreme",1
"Alpinoscincus alpinus","Reptiles","Squamata","Scincidae","Least Concern",3,0.333,"Temperature: annual upper extreme",1
"Anadia blakei","Reptiles","Squamata","Gymnophthalmidae","Endangered",3,0.333,"Precipitation: seasonal max upper extreme",1
"Anodonthyla pollicaris","Amphibians","Anura","Microhylidae","Endangered",6,0.333,"Temperature: annual upper extreme",2
"Anodonthyla rouxae","Amphibians","Anura","Microhylidae","Endangered",3,0.333,"Temperature: annual upper extreme",1
"Anolis baracoae","Reptiles","Squamata","Anolidae","Near Threatened",3,0.333,"Temperature: annual upper extreme",1
"Anolis breslini","Reptiles","Squamata","Anolidae","Endangered",3,0.333,"Temperature: annual upper extreme",1
"Anolis nigrolineatus","Reptiles","Squamata","Anolidae","Data Deficient",3,0.333,"Temperature: seasonal max upper extreme",1
"Anolis placidus","Reptiles","Squamata","Anolidae","Endangered",3,0.333,"Temperature: annual upper extreme",1
"Anolis ruizii","Reptiles","Squamata","Anolidae","Endangered",3,0.333,"Temperature: annual upper extreme",1
"Anolis sheplani","Reptiles","Squamata","Anolidae","Endangered",3,0.333,"Temperature: annual upper extreme",1
"Anolis subocularis","Reptiles","Squamata","Anolidae","Data Deficient",3,0.333,"Temperature: annual upper extreme",1
"Anomochilus monticola","Reptiles","Squamata","Anomochilidae","Data Deficient",3,0.333,"Precipitation: annual upper extreme",1
"Apalis kaboboensis","Birds","Passeriformes","Cisticolidae","Vulnerable",3,0.333,"Temperature: annual upper extreme",1
"Aphantophryne minuta","Amphibians","Anura","Microhylidae","Least Concern",3,0.333,"Temperature: annual upper extreme",1
"Aplastodiscus musicus","Amphibians","Anura","Hylidae","Critically Endangered",3,0.333,"Precipitation: annual lower extreme",1
"Aplonis santovestris","Birds","Passeriformes","Sturnidae","Endangered",3,0.333,"Temperature: annual upper extreme",1
"Arizelocichla neumanni","Birds","Passeriformes","Pycnonotidae","Least Concern",3,0.333,"Temperature: seasonal max upper extreme",1
"Arthroleptis nlonakoensis","Amphibians","Anura","Arthroleptidae","Endangered",3,0.333,"Temperature: annual upper extreme",1
"Asaccus margaritae","Reptiles","Squamata","Phyllodactylidae","Least Concern",3,0.333,"Precipitation: annual lower extreme",1
"Aspidura copei","Reptiles","Squamata","Natricidae","Endangered",3,0.333,"Temperature: annual upper extreme",1
"Astylosternus schioetzi","Amphibians","Anura","Arthroleptidae","Endangered",6,0.333,"Precipitation: seasonal max upper extreme",2
"Atelopus epikeisthos","Amphibians","Anura","Bufonidae","Endangered",3,0.333,"Precipitation: annual upper extreme",1
"Atelopus longibrachius","Amphibians","Anura","Bufonidae","Endangered",3,0.333,"Precipitation: annual upper extreme",1
"Atractus ecuadorensis","Reptiles","Squamata","Dipsadidae","Data Deficient",3,0.333,"Precipitation: annual upper extreme",1
"Atractus resplendens","Reptiles","Squamata","Dipsadidae","Data Deficient",3,0.333,"Precipitation: annual upper extreme",1
"Austrochaperina brevipes","Amphibians","Anura","Microhylidae","Data Deficient",3,0.333,"Temperature: annual upper extreme",1
"Austrochaperina laurae","Amphibians","Anura","Microhylidae","Least Concern",3,0.333,"Precipitation: annual upper extreme",1
"Beduka amboli","Amphibians","Anura","Bufonidae","Endangered",3,0.333,"Temperature: annual upper extreme",1
"Blythia hmuifang","Reptiles","Squamata","Natricidae","Data Deficient",3,0.333,"Temperature: annual upper extreme",1
"Bokermannohyla gouveai","Amphibians","Anura","Hylidae","Least Concern",3,0.333,"Precipitation: annual lower extreme",1
"Bolitoglossa pacaya","Amphibians","Caudata","Plethodontidae","Endangered",3,0.333,"Temperature: annual upper extreme",1
"Boophis andrangoloaka","Amphibians","Anura","Mantellidae","Endangered",3,0.333,"Temperature: annual upper extreme",1
"Boophis feonnyala","Amphibians","Anura","Mantellidae","Endangered",12,0.333,"Temperature: seasonal max upper extreme",4
"Boophis haingana","Amphibians","Anura","Mantellidae","Endangered",3,0.333,"Temperature: annual upper extreme",1
"Boophis liami","Amphibians","Anura","Mantellidae","Critically Endangered",3,0.333,"Temperature: annual upper extreme",1
"Boophis lilianae","Amphibians","Anura","Mantellidae","Data Deficient",6,0.333,"Temperature: seasonal max upper extreme",2
"Boophis miadana","Amphibians","Anura","Mantellidae","Endangered",3,0.333,"Temperature: annual upper extreme",1
"Bradypodion setaroi","Reptiles","Squamata","Chamaeleonidae","Near Threatened",6,0.333,"Temperature: seasonal max upper extreme",2
"Bradypodion taeniabronchum","Reptiles","Squamata","Chamaeleonidae","Least Concern",6,0.333,"Temperature: annual upper extreme",2
"Brookesia desperata","Reptiles","Squamata","Chamaeleonidae","Critically Endangered",3,0.333,"Temperature: annual upper extreme",1
"Buteo ridgwayi","Birds","Accipitriformes","Accipitridae","Critically Endangered",3,0.333,"Temperature: annual upper extreme",1
"Calamaria gracillima","Reptiles","Squamata","Calamariidae","Data Deficient",12,0.333,"Precipitation: seasonal max upper extreme",4
"Calamaria schmidti","Reptiles","Squamata","Calamariidae","Least Concern",3,0.333,"Precipitation: annual upper extreme",1
"Callulops stellatus","Amphibians","Anura","Microhylidae","Least Concern",3,0.333,"Temperature: annual upper extreme",1
"Caprimulgus solala","Birds","Caprimulgiformes","Caprimulgidae","Vulnerable",3,0.333,"Precipitation: seasonal min lower extreme",1
"Cercophis auratus","Reptiles","Squamata","Dipsadidae","Data Deficient",6,0.333,"Precipitation: seasonal max upper extreme",2
"Ceuthomantis cavernibardus","Amphibians","Anura","Ceuthomantidae","Least Concern",3,0.333,"Temperature: annual upper extreme",1
"Ceyx wallacii","Birds","Coraciiformes","Alcedinidae","Near Threatened",3,0.333,"Temperature: seasonal max upper extreme",1
"Cheirogaleus lavasoensis","Mammals","Primates","Cheirogaleidae","Endangered",3,0.333,"Temperature: annual upper extreme",1
"Chiropterotriton chiropterus","Amphibians","Caudata","Plethodontidae","Critically Endangered",3,0.333,"Temperature: annual upper extreme",1
"Chiropterotriton melipona","Amphibians","Caudata","Plethodontidae","Endangered",3,0.333,"Temperature: annual upper extreme",1
"Choerophryne longirostris","Amphibians","Anura","Microhylidae","Near Threatened",3,0.333,"Temperature: seasonal max upper extreme",1
"Circus maillardi","Birds","Accipitriformes","Accipitridae","Endangered",3,0.333,"Temperature: annual upper extreme",1
"Cnemaspis anslemi","Reptiles","Squamata","Gekkonidae","Vulnerable",3,0.333,"Temperature: annual upper extreme",1
"Cnemaspis pseudomcguirei","Reptiles","Squamata","Gekkonidae","Near Threatened",3,0.333,"Precipitation: seasonal max upper extreme",1
"Conraua sagyimase","Amphibians","Anura","Conrauidae","Critically Endangered",3,0.333,"Precipitation: annual lower extreme",1
"Cophixalus aenigma","Amphibians","Anura","Microhylidae","Endangered",3,0.333,"Temperature: annual upper extreme",1
"Cophixalus ateles","Amphibians","Anura","Microhylidae","Least Concern",3,0.333,"Temperature: annual upper extreme",1
"Cophixalus cryptotympanum","Amphibians","Anura","Microhylidae","Least Concern",6,0.333,"Temperature: annual upper extreme",2
"Cophixalus hannahae","Amphibians","Anura","Microhylidae","Least Concern",3,0.333,"Precipitation: annual upper extreme",1
"Cophixalus hosmeri","Amphibians","Anura","Microhylidae","Endangered",3,0.333,"Temperature: annual upper extreme",1
"Cophixalus wempi","Amphibians","Anura","Microhylidae","Least Concern",3,0.333,"Precipitation: annual upper extreme",1
"Craugastor coffeus","Amphibians","Anura","Craugastoridae","Critically Endangered",3,0.333,"Temperature: annual upper extreme",1
"Craugastor glaucus","Amphibians","Anura","Craugastoridae","Endangered",3,0.333,"Temperature: annual upper extreme",1
"Craugastor spatulatus","Amphibians","Anura","Craugastoridae","Endangered",3,0.333,"Temperature: annual upper extreme",1
"Crocidura afeworkbekelei","Mammals","Eulipotyphla","Soricidae","Data Deficient",6,0.333,"Precipitation: seasonal min lower extreme",2
"Crocidura glassi","Mammals","Eulipotyphla","Soricidae","Near Threatened",30,0.333,"Precipitation: seasonal min lower extreme",10
"Crotalus transversus","Reptiles","Squamata","Viperidae","Least Concern",3,0.333,"Temperature: annual upper extreme",1
"Crotaphytus antiquus","Reptiles","Squamata","Crotaphytidae","Endangered",6,0.333,"Temperature: annual upper extreme",2
"Cryptobatrachus ruthveni","Amphibians","Anura","Hemiphractidae","Endangered",3,0.333,"Temperature: annual upper extreme",1
"Ctenotus rawlinsoni","Reptiles","Squamata","Scincidae","Least Concern",3,0.333,"Temperature: annual upper extreme",1
"Cycloramphus organensis","Amphibians","Anura","Cycloramphidae","Vulnerable",3,0.333,"Precipitation: annual lower extreme",1
"Cynisca rouxae","Reptiles","Squamata","Amphisbaenidae","Data Deficient",3,0.333,"Precipitation: seasonal min lower extreme",1
"Cyrtodactylus biordinis","Reptiles","Squamata","Gekkonidae","Least Concern",6,0.333,"Temperature: annual upper extreme",2
"Cyrtodactylus louisiadensis","Reptiles","Squamata","Gekkonidae","Least Concern",6,0.333,"Temperature: annual upper extreme",2
"Cyrtodactylus mandalayensis","Reptiles","Squamata","Gekkonidae","Data Deficient",6,0.333,"Precipitation: annual upper extreme",2
"Cyrtodactylus minor","Reptiles","Squamata","Gekkonidae","Data Deficient",3,0.333,"Temperature: annual upper extreme",1
"Cyrtodactylus nuaulu","Reptiles","Squamata","Gekkonidae","Near Threatened",6,0.333,"Precipitation: annual upper extreme",2
"Cyrtodactylus wetariensis","Reptiles","Squamata","Gekkonidae","Least Concern",3,0.333,"Temperature: seasonal max upper extreme",1
"Darevskia sapphirina","Reptiles","Squamata","Lacertidae","Least Concern",3,0.333,"Temperature: seasonal max upper extreme",1
"Dendromus ruppi","Mammals","Rodentia","Nesomyidae","Data Deficient",6,0.333,"Precipitation: seasonal min lower extreme",2
"Dendrotriton xolocalcae","Amphibians","Caudata","Plethodontidae","Vulnerable",3,0.333,"Temperature: annual upper extreme",1
"Draco norvillii","Reptiles","Squamata","Agamidae","Near Threatened",3,0.333,"Temperature: seasonal max upper extreme",1
"Ducula obiensis","Birds","Columbiformes","Columbidae","Least Concern",3,0.333,"Precipitation: annual upper extreme",1
"Edolisoma sula","Birds","Passeriformes","Campephagidae","Least Concern",3,0.333,"Temperature: seasonal max upper extreme",1
"Eleutherodactylus amadeus","Amphibians","Anura","Eleutherodactylidae","Critically Endangered",3,0.333,"Temperature: annual upper extreme",1
"Eleutherodactylus apostates","Amphibians","Anura","Eleutherodactylidae","Critically Endangered",3,0.333,"Temperature: annual upper extreme",1
"Eleutherodactylus bakeri","Amphibians","Anura","Eleutherodactylidae","Critically Endangered",3,0.333,"Temperature: annual upper extreme",1
"Eleutherodactylus brevirostris","Amphibians","Anura","Eleutherodactylidae","Critically Endangered",3,0.333,"Temperature: annual upper extreme",1
"Eleutherodactylus chlorophenax","Amphibians","Anura","Eleutherodactylidae","Critically Endangered",3,0.333,"Temperature: annual upper extreme",1
"Eleutherodactylus erendirae","Amphibians","Anura","Eleutherodactylidae","Endangered",3,0.333,"Temperature: annual upper extreme",1
"Eleutherodactylus fowleri","Amphibians","Anura","Eleutherodactylidae","Critically Endangered",3,0.333,"Temperature: annual upper extreme",1
"Eleutherodactylus glaphycompus","Amphibians","Anura","Eleutherodactylidae","Endangered",6,0.333,"Temperature: annual upper extreme",2
"Eleutherodactylus grabhami","Amphibians","Anura","Eleutherodactylidae","Endangered",9,0.333,"Temperature: annual upper extreme",3
"Eleutherodactylus griphus","Amphibians","Anura","Eleutherodactylidae","Endangered",3,0.333,"Temperature: annual upper extreme",1
"Eleutherodactylus jugans","Amphibians","Anura","Eleutherodactylidae","Critically Endangered",3,0.333,"Temperature: annual upper extreme",1
"Eleutherodactylus lamprotes","Amphibians","Anura","Eleutherodactylidae","Critically Endangered",3,0.333,"Temperature: annual upper extreme",1
"Eleutherodactylus neiba","Amphibians","Anura","Eleutherodactylidae","Endangered",3,0.333,"Temperature: annual upper extreme",1
"Eleutherodactylus nietoi","Amphibians","Anura","Eleutherodactylidae","Endangered",6,0.333,"Temperature: annual upper extreme",2
"Eleutherodactylus notidodes","Amphibians","Anura","Eleutherodactylidae","Endangered",3,0.333,"Temperature: annual upper extreme",1
"Eleutherodactylus parabates","Amphibians","Anura","Eleutherodactylidae","Endangered",3,0.333,"Temperature: annual upper extreme",1
"Eleutherodactylus pezopetrus","Amphibians","Anura","Eleutherodactylidae","Endangered",3,0.333,"Temperature: annual upper extreme",1
"Eleutherodactylus pituinus","Amphibians","Anura","Eleutherodactylidae","Endangered",3,0.333,"Temperature: annual upper extreme",1
"Eleutherodactylus probolaeus","Amphibians","Anura","Eleutherodactylidae","Endangered",3,0.333,"Temperature: annual upper extreme",1
"Eleutherodactylus richmondi","Amphibians","Anura","Eleutherodactylidae","Endangered",3,0.333,"Temperature: annual upper extreme",1
"Eleutherodactylus tetajulia","Amphibians","Anura","Eleutherodactylidae","Endangered",6,0.333,"Temperature: annual upper extreme",2
"Eleutherodactylus turquinensis","Amphibians","Anura","Eleutherodactylidae","Critically Endangered",3,0.333,"Temperature: annual upper extreme",1
"Eliurus carletoni","Mammals","Rodentia","Nesomyidae","Least Concern",9,0.333,"Temperature: annual upper extreme",3
"Eremias montanus","Reptiles","Squamata","Lacertidae","Least Concern",3,0.333,"Temperature: seasonal max upper extreme",1
"Erythrolamprus mertensi","Reptiles","Squamata","Dipsadidae","Least Concern",15,0.333,"Temperature: annual upper extreme",5
"Eryx borrii","Reptiles","Squamata","Boidae","Data Deficient",3,0.333,"Temperature: annual upper extreme",1
"Eugongylus sulaensis","Reptiles","Squamata","Scincidae","Data Deficient",3,0.333,"Temperature: seasonal max upper extreme",1
"Ficimia hardyi","Reptiles","Squamata","Colubridae","Endangered",3,0.333,"Temperature: annual upper extreme",1
"Gastrotheca helenae","Amphibians","Anura","Hemiphractidae","Endangered",3,0.333,"Precipitation: annual lower extreme",1
"Gastrotheca trachyceps","Amphibians","Anura","Hemiphractidae","Endangered",3,0.333,"Precipitation: annual upper extreme",1
"Gegeneophis goaensis","Amphibians","Gymnophiona","Indotyphlidae","Data Deficient",3,0.333,"Temperature: annual upper extreme",1
"Gekko adleri","Reptiles","Squamata","Gekkonidae","Least Concern",3,0.333,"Precipitation: seasonal min lower extreme",1
"Gekko ernstkelleri","Reptiles","Squamata","Gekkonidae","Least Concern",3,0.333,"Precipitation: annual upper extreme",1
"Geophis fulvoguttatus","Reptiles","Squamata","Dipsadidae","Endangered",3,0.333,"Temperature: annual upper extreme",1
"Gonatodes atricucullaris","Reptiles","Squamata","Sphaerodactylidae","Near Threatened",3,0.333,"Temperature: seasonal max upper extreme",1
"Guadalcanaria inexpectata","Birds","Passeriformes","Meliphagidae","Least Concern",3,0.333,"Temperature: annual upper extreme",1
"Hapalemur alaotrensis","Mammals","Primates","Lemuridae","Critically Endangered",3,0.333,"Temperature: annual upper extreme",1
"Harpesaurus beccarii","Reptiles","Squamata","Agamidae","Data Deficient",3,0.333,"Temperature: annual upper extreme",1
"Harpiola grisea","Mammals","Chiroptera","Vespertilionidae","Data Deficient",3,0.333,"Temperature: annual upper extreme",1
"Hebius sangzhiensis","Reptiles","Squamata","Colubridae","Not assessed",6,0.333,"Temperature: annual upper extreme",2
"Hebius taronensis","Reptiles","Squamata","Natricidae","Near Threatened",3,0.333,"Temperature: annual upper extreme",1
"Heleophryne hewitti","Amphibians","Anura","Heleophrynidae","Endangered",6,0.333,"Temperature: annual upper extreme",2
"Hemidactylus sataraensis","Reptiles","Squamata","Gekkonidae","Critically Endangered",3,0.333,"Temperature: annual upper extreme",1
"Hemiphyllodactylus harterti","Reptiles","Squamata","Gekkonidae","Near Threatened",3,0.333,"Precipitation: seasonal max upper extreme",1
"Hologerrhum dermali","Reptiles","Squamata","Cyclocoridae","Endangered",3,0.333,"Precipitation: annual upper extreme",1
"Hyalinobatrachium anachoretus","Amphibians","Anura","Centrolenidae","Endangered",3,0.333,"Temperature: annual upper extreme",1
"Hylarana fonensis","Amphibians","Anura","Ranidae","Not assessed",3,0.333,"Temperature: annual upper extreme",1
"Hylarana persimilis","Amphibians","Anura","Ranidae","Data Deficient",3,0.333,"Precipitation: seasonal max upper extreme",1
"Hylocitrea bonthaina","Birds","Passeriformes","Hylocitreidae","Endangered",3,0.333,"Precipitation: annual upper extreme",1
"Hylophorbus infulatus","Amphibians","Anura","Microhylidae","Data Deficient",6,0.333,"Temperature: annual upper extreme",2
"Hyloxalus mittermeieri","Amphibians","Anura","Dendrobatidae","Data Deficient",3,0.333,"Precipitation: seasonal max upper extreme",1
"Hynobius abuensis","Amphibians","Caudata","Hynobiidae","Endangered",6,0.333,"Temperature: seasonal max upper extreme",2
"Hynobius amjiensis","Amphibians","Caudata","Hynobiidae","Endangered",3,0.333,"Temperature: annual upper extreme",1
"Hynobius bakan","Amphibians","Caudata","Hynobiidae","Endangered",6,0.333,"Temperature: seasonal max upper extreme",2
"Hynobius notialis","Amphibians","Caudata","Hynobiidae","Vulnerable",12,0.333,"Temperature: seasonal max upper extreme",4
"Hynobius perplicatus","Amphibians","Caudata","Hynobiidae","Endangered",6,0.333,"Temperature: annual upper extreme",2
"Hyperolius jynx","Amphibians","Anura","Hyperoliidae","Not assessed",3,0.333,"Temperature: annual upper extreme",1
"Hypotaenidia woodfordi","Birds","Gruiformes","Rallidae","Least Concern",6,0.333,"Temperature: annual upper extreme",2
"Hypsipetes borbonicus","Birds","Passeriformes","Pycnonotidae","Near Threatened",3,0.333,"Temperature: annual upper extreme",1
"Hypsipetes longirostris","Birds","Passeriformes","Pycnonotidae","Least Concern",3,0.333,"Temperature: seasonal max upper extreme",1
"Hypsipetes lucasi","Birds","Passeriformes","Pycnonotidae","Least Concern",3,0.333,"Precipitation: annual upper extreme",1
"Ichthyophis garoensis","Amphibians","Gymnophiona","Ichthyophiidae","Data Deficient",3,0.333,"Temperature: annual upper extreme",1
"Ichthyophis sendenyu","Amphibians","Gymnophiona","Ichthyophiidae","Data Deficient",3,0.333,"Temperature: seasonal max upper extreme",1
"Ichthyophis sumatranus","Amphibians","Gymnophiona","Ichthyophiidae","Data Deficient",3,0.333,"Temperature: annual upper extreme",1
"Incilius guanacaste","Amphibians","Anura","Bufonidae","Endangered",3,0.333,"Precipitation: annual upper extreme",1
"Incilius pisinnus","Amphibians","Anura","Bufonidae","Endangered",6,0.333,"Temperature: annual upper extreme",2
"Indotyphlus battersbyi","Amphibians","Gymnophiona","Indotyphlidae","Data Deficient",3,0.333,"Temperature: annual upper extreme",1
"Indotyphlus maharashtraensis","Amphibians","Gymnophiona","Indotyphlidae","Data Deficient",3,0.333,"Temperature: annual upper extreme",1
"Ischnocnema gualteri","Amphibians","Anura","Brachycephalidae","Endangered",3,0.333,"Precipitation: annual lower extreme",1
"Ischnocnema parnaso","Amphibians","Anura","Brachycephalidae","Vulnerable",3,0.333,"Precipitation: annual lower extreme",1
"Isthmura sierraoccidentalis","Amphibians","Caudata","Plethodontidae","Vulnerable",3,0.333,"Temperature: annual upper extreme",1
"Kinyongia uluguruensis","Reptiles","Squamata","Chamaeleonidae","Least Concern",3,0.333,"Temperature: seasonal max upper extreme",1
"Lacertaspis lepesmei","Reptiles","Squamata","Scincidae","Critically Endangered",3,0.333,"Temperature: annual upper extreme",1
"Lamottemys okuensis","Mammals","Rodentia","Muridae","Endangered",3,0.333,"Temperature: annual upper extreme",1
"Lampropholis robertsi","Reptiles","Squamata","Scincidae","Least Concern",3,0.333,"Temperature: annual upper extreme",1
"Leiocephalus barahonensis","Reptiles","Squamata","Tropiduridae","Least Concern",6,0.333,"Temperature: annual upper extreme",2
"Leiocephalus pratensis","Reptiles","Squamata","Tropiduridae","Critically Endangered",6,0.333,"Temperature: seasonal max upper extreme",2
"Lepidodactylus zweifeli","Reptiles","Squamata","Gekkonidae","Endangered",6,0.333,"Temperature: annual upper extreme",2
"Lepilemur mittermeieri","Mammals","Primates","Lepilemuridae","Not assessed",3,0.333,"Temperature: annual upper extreme",1
"Leptobrachella brevicrus","Amphibians","Anura","Megophryidae","Least Concern",3,0.333,"Temperature: annual upper extreme",1
"Leptopelis bequaerti","Amphibians","Anura","Arthroleptidae","Data Deficient",3,0.333,"Temperature: annual upper extreme",1
"Lerista kennedyensis","Reptiles","Squamata","Scincidae","Least Concern",6,0.333,"Temperature: annual upper extreme",2
"Liasis dunni","Reptiles","Squamata","Pythonidae","Data Deficient",3,0.333,"Temperature: seasonal max upper extreme",1
"Lichmera notabilis","Birds","Passeriformes","Meliphagidae","Least Concern",3,0.333,"Temperature: seasonal max upper extreme",1
"Liolaemus carlosgarini","Reptiles","Squamata","Liolaemidae","Vulnerable",3,0.333,"Temperature: seasonal max upper extreme",1
"Liolaemus diaguita","Reptiles","Squamata","Liolaemidae","Least Concern",3,0.333,"Temperature: annual upper extreme",1
"Liolaemus dorbignyi","Reptiles","Squamata","Liolaemidae","Least Concern",6,0.333,"Temperature: seasonal max upper extreme",2
"Liolaemus frassinettii","Reptiles","Squamata","Liolaemidae","Vulnerable",3,0.333,"Precipitation: seasonal min lower extreme",1
"Liolaemus riodamas","Reptiles","Squamata","Liolaemidae","Endangered",3,0.333,"Temperature: seasonal max upper extreme",1
"Liolaemus valdesianus","Reptiles","Squamata","Liolaemidae","Near Threatened",3,0.333,"Temperature: annual upper extreme",1
"Litoria callista","Amphibians","Anura","Pelodryadidae","Least Concern",3,0.333,"Temperature: annual upper extreme",1
"Litoria chloronota","Amphibians","Anura","Pelodryadidae","Least Concern",3,0.333,"Temperature: seasonal max upper extreme",1
"Liurana vallecula","Amphibians","Anura","Ceratobatrachidae","Data Deficient",3,0.333,"Temperature: seasonal max upper extreme",1
"Lophuromys melanonyx","Mammals","Rodentia","Muridae","Vulnerable",24,0.333,"Precipitation: seasonal min lower extreme",8
"Lophuromys stanleyi","Mammals","Rodentia","Muridae","Data Deficient",3,0.333,"Temperature: seasonal max upper extreme",1
"Luperosaurus yasumai","Reptiles","Squamata","Gekkonidae","Data Deficient",3,0.333,"Precipitation: seasonal max upper extreme",1
"Lyciasalamandra antalyana","Amphibians","Caudata","Salamandridae","Endangered",6,0.333,"Temperature: seasonal max upper extreme",2
"Lyciasalamandra fazilae","Amphibians","Caudata","Salamandridae","Endangered",3,0.333,"Temperature: seasonal max upper extreme",1
"Lycocorax obiensis","Birds","Passeriformes","Paradisaeidae","Least Concern",3,0.333,"Precipitation: annual upper extreme",1
"Lycodon fausti","Reptiles","Squamata","Colubridae","Least Concern",3,0.333,"Precipitation: annual upper extreme",1
"Lycodon serratus","Reptiles","Squamata","Colubridae","Not assessed",3,0.333,"Temperature: annual upper extreme",1
"Lygodactylus roavolana","Reptiles","Squamata","Gekkonidae","Endangered",3,0.333,"Temperature: annual upper extreme",1
"Lygosoma tabonorum","Reptiles","Squamata","Scincidae","Least Concern",6,0.333,"Precipitation: annual upper extreme",2
"Lynchius oblitus","Amphibians","Anura","Strabomantidae","Least Concern",3,0.333,"Precipitation: seasonal max upper extreme",1
"Macaca nigra","Mammals","Primates","Cercopithecidae","Critically Endangered",6,0.333,"Precipitation: seasonal max upper extreme",2
"Madascincus ankodabensis","Reptiles","Squamata","Scincidae","Data Deficient",9,0.333,"Temperature: seasonal max upper extreme",3
"Madatyphlops andasibensis","Reptiles","Squamata","Typhlopidae","Data Deficient",3,0.333,"Temperature: annual upper extreme",1
"Madatyphlops domerguei","Reptiles","Squamata","Typhlopidae","Data Deficient",6,0.333,"Temperature: seasonal max upper extreme",2
"Madatyphlops microcephalus","Reptiles","Squamata","Typhlopidae","Data Deficient",3,0.333,"Temperature: annual upper extreme",1
"Malayotyphlops andyi","Reptiles","Squamata","Typhlopidae","Data Deficient",3,0.333,"Precipitation: annual upper extreme",1
"Mantella aurantiaca","Amphibians","Anura","Mantellidae","Endangered",3,0.333,"Temperature: annual upper extreme",1
"Megadontomys thomasi","Mammals","Rodentia","Cricetidae","Endangered",3,0.333,"Temperature: annual upper extreme",1
"Megalurulus turipavae","Birds","Passeriformes","Locustellidae","Not assessed",3,0.333,"Temperature: annual upper extreme",1
"Megalurulus whitneyi","Birds","Passeriformes","Locustellidae","Not assessed",3,0.333,"Temperature: annual upper extreme",1
"Mehelya egbensis","Reptiles","Squamata","Lamprophiidae","Data Deficient",3,0.333,"Temperature: annual upper extreme",1
"Melanoseps emmrichi","Reptiles","Squamata","Scincidae","Endangered",3,0.333,"Temperature: seasonal max upper extreme",1
"Melomys obiensis","Mammals","Rodentia","Muridae","Least Concern",3,0.333,"Precipitation: annual upper extreme",1
"Meristogenys macrophthalmus","Amphibians","Anura","Ranidae","Data Deficient",3,0.333,"Temperature: annual upper extreme",1
"Meristogenys penrissenensis","Amphibians","Anura","Ranidae","Endangered",3,0.333,"Precipitation: annual upper extreme",1
"Mormopterus francoismoutoui","Mammals","Chiroptera","Molossidae","Least Concern",3,0.333,"Temperature: annual upper extreme",1
"Musseromys inopinatus","Mammals","Rodentia","Muridae","Data Deficient",3,0.333,"Precipitation: annual upper extreme",1
"Myersophis alpestris","Reptiles","Squamata","Cyclocoridae","Data Deficient",3,0.333,"Temperature: annual upper extreme",1
"Myoictis leucura","Mammals","Dasyuromorphia","Dasyuridae","Data Deficient",6,0.333,"Temperature: annual upper extreme",2
"Myzomela kuehni","Birds","Passeriformes","Meliphagidae","Least Concern",6,0.333,"Precipitation: seasonal max upper extreme",2
"Myzomela melanocephala","Birds","Passeriformes","Meliphagidae","Least Concern",6,0.333,"Temperature: annual upper extreme",2
"Myzomela rubrotincta","Birds","Passeriformes","Meliphagidae","Least Concern",3,0.333,"Precipitation: annual upper extreme",1
"Myzomela sclateri","Birds","Passeriformes","Meliphagidae","Least Concern",3,0.333,"Temperature: annual upper extreme",1
"Neoromicia robertsi","Mammals","Chiroptera","Vespertilionidae","Data Deficient",3,0.333,"Temperature: annual upper extreme",1
"Neusticurus tatei","Reptiles","Squamata","Gymnophthalmidae","Least Concern",3,0.333,"Temperature: annual upper extreme",1
"Ninox granti","Birds","Strigiformes","Strigidae","Near Threatened",6,0.333,"Temperature: annual upper extreme",2
"Nubeoscincus stellaris","Reptiles","Squamata","Scincidae","Data Deficient",3,0.333,"Precipitation: annual upper extreme",1
"Nyctimystes bivocalis","Amphibians","Anura","Pelodryadidae","Least Concern",3,0.333,"Temperature: annual upper extreme",1
"Nyctimystes calcaratus","Amphibians","Anura","Pelodryadidae","Near Threatened",3,0.333,"Temperature: annual upper extreme",1
"Nyctimystes latratus","Amphibians","Anura","Pelodryadidae","Least Concern",3,0.333,"Temperature: annual upper extreme",1
"Nymphargus colomai","Amphibians","Anura","Centrolenidae","Endangered",3,0.333,"Temperature: annual upper extreme",1
"Nymphargus lindae","Amphibians","Anura","Centrolenidae","Endangered",3,0.333,"Temperature: annual upper extreme",1
"Odorrana lipuensis","Amphibians","Anura","Ranidae","Vulnerable",9,0.333,"Precipitation: seasonal min lower extreme",3
"Oedipina salvadorensis","Amphibians","Caudata","Plethodontidae","Endangered",6,0.333,"Temperature: annual upper extreme",2
"Oligodon notospilus","Reptiles","Squamata","Colubridae","Least Concern",3,0.333,"Precipitation: annual upper extreme",1
"Ornithuroscincus venemai","Reptiles","Squamata","Scincidae","Not assessed",6,0.333,"Precipitation: annual upper extreme",2
"Oscaecilia equatorialis","Amphibians","Gymnophiona","Caeciliidae","Critically Endangered",3,0.333,"Temperature: seasonal max upper extreme",1
"Otomops secundus","Mammals","Chiroptera","Molossidae","Data Deficient",3,0.333,"Temperature: annual upper extreme",1
"Otus sulaensis","Birds","Strigiformes","Strigidae","Near Threatened",3,0.333,"Temperature: seasonal max upper extreme",1
"Otus tempestatis","Birds","Strigiformes","Strigidae","Least Concern",3,0.333,"Temperature: seasonal max upper extreme",1
"Paedophryne verrucosa","Amphibians","Anura","Microhylidae","Least Concern",6,0.333,"Temperature: annual upper extreme",2
"Paracontias manify","Reptiles","Squamata","Scincidae","Data Deficient",3,0.333,"Temperature: annual upper extreme",1
"Paracrocidura graueri","Mammals","Eulipotyphla","Soricidae","Data Deficient",3,0.333,"Temperature: annual upper extreme",1
"Paradoxophyla tiarano","Amphibians","Anura","Microhylidae","Data Deficient",3,0.333,"Temperature: seasonal max upper extreme",1
"Paragehyra gabriellae","Reptiles","Squamata","Gekkonidae","Endangered",3,0.333,"Temperature: annual upper extreme",1
"Parvoscincus aurorus","Reptiles","Squamata","Scincidae","Endangered",3,0.333,"Temperature: annual upper extreme",1
"Pelophryne api","Amphibians","Anura","Bufonidae","Least Concern",3,0.333,"Temperature: annual upper extreme",1
"Peromyscus bullatus","Mammals","Rodentia","Cricetidae","Critically Endangered",3,0.333,"Temperature: annual upper extreme",1
"Petinomys hageni","Mammals","Rodentia","Sciuridae","Data Deficient",3,0.333,"Temperature: annual upper extreme",1
"Petropedetes euskircheni","Amphibians","Anura","Petropedetidae","Endangered",6,0.333,"Temperature: annual upper extreme",2
"Phalanger rothschildi","Mammals","Diprotodontia","Phalangeridae","Least Concern",3,0.333,"Precipitation: annual upper extreme",1
"Phelsuma borbonica","Reptiles","Squamata","Gekkonidae","Endangered",3,0.333,"Temperature: annual upper extreme",1
"Phelsuma hoeschi","Reptiles","Squamata","Gekkonidae","Data Deficient",6,0.333,"Temperature: seasonal max upper extreme",2
"Phelsuma malamakibo","Reptiles","Squamata","Gekkonidae","Near Threatened",3,0.333,"Temperature: annual upper extreme",1
"Phelsuma ravenala","Reptiles","Squamata","Gekkonidae","Least Concern",6,0.333,"Temperature: seasonal max upper extreme",2
"Phelsuma vanheygeni","Reptiles","Squamata","Gekkonidae","Endangered",3,0.333,"Temperature: annual upper extreme",1
"Philander olrogi","Mammals","Didelphimorphia","Didelphidae","Data Deficient",3,0.333,"Temperature: annual upper extreme",1
"Philautus umbra","Amphibians","Anura","Rhacophoridae","Least Concern",3,0.333,"Temperature: annual upper extreme",1
"Pholidoscelis wetmorei","Reptiles","Squamata","Teiidae","Vulnerable",3,0.333,"Temperature: annual upper extreme",1
"Phrynobatrachus afiabirago","Amphibians","Anura","Phrynobatrachidae","Critically Endangered",3,0.333,"Precipitation: seasonal min lower extreme",1
"Phyllurus ossa","Reptiles","Squamata","Carphodactylidae","Least Concern",9,0.333,"Precipitation: annual upper extreme",3
"Pituophis ruthveni","Reptiles","Squamata","Colubridae","Endangered",15,0.333,"Temperature: annual upper extreme",5
"Platymantis cagayanensis","Amphibians","Anura","Ceratobatrachidae","Near Threatened",9,0.333,"Precipitation: annual upper extreme",3
"Platymantis paengi","Amphibians","Anura","Ceratobatrachidae","Endangered",3,0.333,"Precipitation: annual upper extreme",1
"Platymantis panayensis","Amphibians","Anura","Ceratobatrachidae","Endangered",9,0.333,"Precipitation: annual upper extreme",3
"Plestiodon latiscutatus","Reptiles","Squamata","Scincidae","Least Concern",3,0.333,"Temperature: annual upper extreme",1
"Podarcis pityusensis","Reptiles","Squamata","Lacertidae","Near Threatened",3,0.333,"Temperature: annual upper extreme",1
"Praomys degraaffi","Mammals","Rodentia","Muridae","Least Concern",3,0.333,"Temperature: annual upper extreme",1
"Praomys hartwigi","Mammals","Rodentia","Muridae","Vulnerable",3,0.333,"Temperature: annual upper extreme",1
"Pristimantis avius","Amphibians","Anura","Strabomantidae","Data Deficient",3,0.333,"Temperature: annual upper extreme",1
"Pristimantis bambu","Amphibians","Anura","Strabomantidae","Endangered",3,0.333,"Temperature: annual upper extreme",1
"Pristimantis cantitans","Amphibians","Anura","Strabomantidae","Near Threatened",3,0.333,"Temperature: annual upper extreme",1
"Pristimantis hernandezi","Amphibians","Anura","Strabomantidae","Endangered",3,0.333,"Temperature: annual upper extreme",1
"Pristimantis memorans","Amphibians","Anura","Strabomantidae","Data Deficient",3,0.333,"Temperature: annual upper extreme",1
"Pristimantis minimus","Amphibians","Anura","Strabomantidae","Endangered",3,0.333,"Temperature: annual upper extreme",1
"Pristimantis nubisilva","Amphibians","Anura","Strabomantidae","Endangered",3,0.333,"Temperature: annual upper extreme",1
"Pristimantis viridicans","Amphibians","Anura","Strabomantidae","Endangered",3,0.333,"Precipitation: annual upper extreme",1
"Pristimantis yaviensis","Amphibians","Anura","Strabomantidae","Near Threatened",3,0.333,"Temperature: annual upper extreme",1
"Proceratophrys izecksohni","Amphibians","Anura","Odontophrynidae","Least Concern",3,0.333,"Precipitation: annual lower extreme",1
"Proceratophrys rondonae","Amphibians","Anura","Odontophrynidae","Data Deficient",3,0.333,"Temperature: annual upper extreme",1
"Propithecus perrieri","Mammals","Primates","Indriidae","Critically Endangered",3,0.333,"Temperature: annual upper extreme",1
"Prosymna ornatissima","Reptiles","Squamata","Prosymnidae","Critically Endangered",3,0.333,"Temperature: seasonal max upper extreme",1
"Pseudobulweria aterrima","Birds","Procellariiformes","Procellariidae","Critically Endangered",3,0.333,"Temperature: annual upper extreme",1
"Pseudocalotes cybelidermus","Reptiles","Squamata","Agamidae","Least Concern",3,0.333,"Temperature: annual upper extreme",1
"Pseudoeurycea amuzga","Amphibians","Caudata","Plethodontidae","Endangered",3,0.333,"Temperature: annual upper extreme",1
"Pseudoeurycea conanti","Amphibians","Caudata","Plethodontidae","Endangered",3,0.333,"Temperature: annual upper extreme",1
"Pseudohydromys carlae","Mammals","Rodentia","Muridae","Data Deficient",3,0.333,"Temperature: annual upper extreme",1
"Pseudohynobius flavomaculatus","Amphibians","Caudata","Hynobiidae","Vulnerable",9,0.333,"Temperature: annual upper extreme",3
"Pseudohynobius jinfo","Amphibians","Caudata","Hynobiidae","Endangered",3,0.333,"Temperature: annual upper extreme",1
"Pseudophilautus hypomelas","Amphibians","Anura","Rhacophoridae","Endangered",3,0.333,"Temperature: annual upper extreme",1
"Pseudophryne corroboree","Amphibians","Anura","Myobatrachidae","Critically Endangered",3,0.333,"Temperature: annual upper extreme",1
"Pteralopex atrata","Mammals","Chiroptera","Pteropodidae","Endangered",6,0.333,"Temperature: annual upper extreme",2
"Pteralopex pulchra","Mammals","Chiroptera","Pteropodidae","Critically Endangered",3,0.333,"Temperature: annual upper extreme",1
"Ptilinopus granulifrons","Birds","Columbiformes","Columbidae","Vulnerable",3,0.333,"Precipitation: annual upper extreme",1
"Ptychadena nana","Amphibians","Anura","Ptychadenidae","Endangered",3,0.333,"Precipitation: seasonal min lower extreme",1
"Ptyodactylus ruusaljibalicus","Reptiles","Squamata","Phyllodactylidae","Least Concern",3,0.333,"Temperature: annual upper extreme",1
"Quilticohyla zoque","Amphibians","Anura","Hylidae","Endangered",3,0.333,"Temperature: annual upper extreme",1
"Ramphiculus mangoliensis","Birds","Columbiformes","Columbidae","Near Threatened",3,0.333,"Temperature: seasonal max upper extreme",1
"Ramphotyphlops angusticeps","Reptiles","Squamata","Typhlopidae","Data Deficient",9,0.333,"Temperature: annual upper extreme",3
"Ramphotyphlops becki","Reptiles","Squamata","Typhlopidae","Data Deficient",6,0.333,"Temperature: annual upper extreme",2
"Ramphotyphlops conradi","Reptiles","Squamata","Typhlopidae","Data Deficient",3,0.333,"Precipitation: annual upper extreme",1
"Ranitomeya defleri","Amphibians","Anura","Dendrobatidae","Least Concern",3,0.333,"Precipitation: annual upper extreme",1
"Raorchestes kempiae","Amphibians","Anura","Rhacophoridae","Not assessed",3,0.333,"Temperature: annual upper extreme",1
"Rattus elaphinus","Mammals","Rodentia","Muridae","Near Threatened",3,0.333,"Temperature: seasonal max upper extreme",1
"Rhabdotorrhinus waldeni","Birds","Bucerotiformes","Bucerotidae","Critically Endangered",15,0.333,"Precipitation: annual upper extreme",5
"Rhadinella anachoreta","Reptiles","Squamata","Dipsadidae","Least Concern",3,0.333,"Precipitation: seasonal max upper extreme",1
"Rhadinella pilonaorum","Reptiles","Squamata","Dipsadidae","Near Threatened",6,0.333,"Temperature: annual upper extreme",2
"Rhampholeon uluguruensis","Reptiles","Squamata","Chamaeleonidae","Least Concern",3,0.333,"Temperature: seasonal max upper extreme",1
"Rhinophis roshanpererai","Reptiles","Squamata","Uropeltidae","Critically Endangered",3,0.333,"Temperature: seasonal max upper extreme",1
"Rhipidura obiensis","Birds","Passeriformes","Rhipiduridae","Least Concern",3,0.333,"Precipitation: annual upper extreme",1
"Rhipidura ocularis","Birds","Passeriformes","Rhipiduridae","Least Concern",3,0.333,"Temperature: annual upper extreme",1
"Riolama luridiventris","Reptiles","Squamata","Gymnophthalmidae","Least Concern",3,0.333,"Temperature: annual upper extreme",1
"Saproscincus eungellensis","Reptiles","Squamata","Scincidae","Data Deficient",3,0.333,"Precipitation: annual upper extreme",1
"Saurodactylus elmoudenii","Reptiles","Squamata","Sphaerodactylidae","Not assessed",3,0.333,"Temperature: annual upper extreme",1
"Saxicola tectes","Birds","Passeriformes","Muscicapidae","Least Concern",3,0.333,"Temperature: annual upper extreme",1
"Sceloporus mendezdelacruzi","Reptiles","Squamata","Phrynosomatidae","Not assessed",3,0.333,"Precipitation: seasonal min lower extreme",1
"Scincella huanrenensis","Reptiles","Squamata","Scincidae","Critically Endangered",6,0.333,"Temperature: annual upper extreme",2
"Sclerophrys turkanae","Amphibians","Anura","Bufonidae","Data Deficient",3,0.333,"Temperature: annual upper extreme",1
"Scutiger bhutanensis","Amphibians","Anura","Megophryidae","Data Deficient",6,0.333,"Temperature: seasonal max upper extreme",2
"Scytalopus gettyae","Birds","Passeriformes","Rhinocryptidae","Near Threatened",3,0.333,"Temperature: seasonal max upper extreme",1
"Siebenrockiella leytensis","Reptiles","Testudines","Geoemydidae","Critically Endangered",6,0.333,"Precipitation: annual upper extreme",2
"Sitta victoriae","Birds","Passeriformes","Sittidae","Endangered",3,0.333,"Precipitation: seasonal min lower extreme",1
"Speleomantes ambrosii","Amphibians","Caudata","Plethodontidae","Critically Endangered",3,0.333,"Temperature: annual upper extreme",1
"Sphaerodactylus omoglaux","Reptiles","Squamata","Sphaerodactylidae","Endangered",3,0.333,"Temperature: annual upper extreme",1
"Sphaerodactylus ramsdeni","Reptiles","Squamata","Sphaerodactylidae","Least Concern",6,0.333,"Temperature: annual upper extreme",2
"Sphaerodactylus rhabdotus","Reptiles","Squamata","Sphaerodactylidae","Endangered",6,0.333,"Temperature: annual upper extreme",2
"Sphaerodactylus roosevelti","Reptiles","Squamata","Sphaerodactylidae","Near Threatened",3,0.333,"Temperature: annual upper extreme",1
"Sphaerodactylus semasiops","Reptiles","Squamata","Sphaerodactylidae","Endangered",6,0.333,"Temperature: annual upper extreme",2
"Sphaerodactylus shrevei","Reptiles","Squamata","Sphaerodactylidae","Endangered",3,0.333,"Temperature: annual upper extreme",1
"Sphaerodactylus thompsoni","Reptiles","Squamata","Sphaerodactylidae","Endangered",3,0.333,"Temperature: annual upper extreme",1
"Sphaerodactylus townsendi","Reptiles","Squamata","Sphaerodactylidae","Least Concern",3,0.333,"Temperature: annual upper extreme",1
"Sphaerodactylus zygaena","Reptiles","Squamata","Sphaerodactylidae","Endangered",3,0.333,"Temperature: annual upper extreme",1
"Sphaerotheca leucorhynchus","Amphibians","Anura","Dicroglossidae","Data Deficient",3,0.333,"Temperature: annual upper extreme",1
"Sphecotheres hypoleucus","Birds","Passeriformes","Oriolidae","Least Concern",3,0.333,"Temperature: seasonal max upper extreme",1
"Sphenomorphus forbesi","Reptiles","Squamata","Scincidae","Least Concern",3,0.333,"Temperature: annual upper extreme",1
"Stefania goini","Amphibians","Anura","Hemiphractidae","Near Threatened",3,0.333,"Temperature: annual upper extreme",1
"Stefania tamacuarina","Amphibians","Anura","Hemiphractidae","Data Deficient",3,0.333,"Temperature: annual upper extreme",1
"Streptocitta albertinae","Birds","Passeriformes","Sturnidae","Near Threatened",3,0.333,"Temperature: seasonal max upper extreme",1
"Stumpffia miery","Amphibians","Anura","Microhylidae","Endangered",6,0.333,"Temperature: seasonal max upper extreme",2
"Sylvisorex silvanorum","Mammals","Eulipotyphla","Soricidae","Data Deficient",3,0.333,"Temperature: annual upper extreme",1
"Taeromys microbullatus","Mammals","Rodentia","Muridae","Data Deficient",3,0.333,"Precipitation: annual upper extreme",1
"Tantilla briggsi","Reptiles","Squamata","Colubridae","Data Deficient",3,0.333,"Temperature: annual upper extreme",1
"Tantilla triseriata","Reptiles","Squamata","Colubridae","Data Deficient",6,0.333,"Temperature: annual upper extreme",2
"Telmatobius latirostris","Amphibians","Anura","Telmatobiidae","Endangered",3,0.333,"Temperature: seasonal max upper extreme",1
"Thorius tlaxiacus","Amphibians","Caudata","Plethodontidae","Endangered",3,0.333,"Temperature: annual upper extreme",1
"Thorius troglodytes","Amphibians","Caudata","Plethodontidae","Endangered",3,0.333,"Temperature: annual upper extreme",1
"Toxicocalamus spilolepidotus","Reptiles","Squamata","Elapidae","Data Deficient",3,0.333,"Temperature: annual upper extreme",1
"Tribolonotus schmidti","Reptiles","Squamata","Scincidae","Least Concern",6,0.333,"Temperature: annual upper extreme",2
"Trioceros conirostratus","Reptiles","Squamata","Chamaeleonidae","Least Concern",3,0.333,"Temperature: annual upper extreme",1
"Tropidodipsas zweifeli","Reptiles","Squamata","Dipsadidae","Data Deficient",3,0.333,"Temperature: annual upper extreme",1
"Tropidophis jamaicensis","Reptiles","Squamata","Tropidophiidae","Endangered",3,0.333,"Temperature: annual upper extreme",1
"Truebella tothastes","Amphibians","Anura","Bufonidae","Endangered",3,0.333,"Temperature: seasonal max upper extreme",1
"Turacoena sulaensis","Birds","Columbiformes","Columbidae","Least Concern",3,0.333,"Temperature: seasonal max upper extreme",1
"Tylototriton liuyangensis","Amphibians","Caudata","Salamandridae","Endangered",9,0.333,"Temperature: annual upper extreme",3
"Typhlops titanops","Reptiles","Squamata","Typhlopidae","Endangered",3,0.333,"Temperature: annual upper extreme",1
"Tyto nigrobrunnea","Birds","Strigiformes","Tytonidae","Vulnerable",3,0.333,"Temperature: seasonal max upper extreme",1
"Urocotyledon weileri","Reptiles","Squamata","Gekkonidae","Endangered",6,0.333,"Temperature: annual upper extreme",2
"Uromys imperator","Mammals","Rodentia","Muridae","Critically Endangered",6,0.333,"Temperature: annual upper extreme",2
"Uromys porculus","Mammals","Rodentia","Muridae","Critically Endangered",6,0.333,"Temperature: annual upper extreme",2
"Uromys rex","Mammals","Rodentia","Muridae","Endangered",6,0.333,"Temperature: annual upper extreme",2
"Varanus mabitang","Reptiles","Squamata","Varanidae","Endangered",3,0.333,"Precipitation: annual upper extreme",1
"Varanus melinus","Reptiles","Squamata","Varanidae","Endangered",3,0.333,"Temperature: seasonal max upper extreme",1
"Vipera anatolica","Reptiles","Squamata","Viperidae","Critically Endangered",3,0.333,"Temperature: annual upper extreme",1
"Werneria preussi","Amphibians","Anura","Bufonidae","Endangered",9,0.333,"Precipitation: seasonal max upper extreme",3
"Xenophidion acanthognathus","Reptiles","Squamata","Xenophiidae","Data Deficient",3,0.333,"Precipitation: annual upper extreme",1
"Xenopus ruwenzoriensis","Amphibians","Anura","Pipidae","Data Deficient",6,0.333,"Temperature: seasonal max upper extreme",2
"Xenorhina zweifeli","Amphibians","Anura","Microhylidae","Least Concern",3,0.333,"Temperature: annual upper extreme",1
"Xenospiza baileyi","Birds","Passeriformes","Passerellidae","Endangered",3,0.333,"Temperature: annual upper extreme",1
"Zentrygon carrikeri","Birds","Columbiformes","Columbidae","Endangered",3,0.333,"Temperature: annual upper extreme",1
"Zosterops borbonicus","Birds","Passeriformes","Zosteropidae","Least Concern",3,0.333,"Temperature: annual upper extreme",1
"Zosterops olivaceus","Birds","Passeriformes","Zosteropidae","Least Concern",3,0.333,"Temperature: annual upper extreme",1
"Zosterops rendovae","Birds","Passeriformes","Zosteropidae","Least Concern",6,0.333,"Temperature: annual upper extreme",2
"Crithagra xantholaema","Birds","Passeriformes","Fringillidae","Near Threatened",91,0.33,"Precipitation: seasonal min lower extreme",30
"Telescopus gezirae","Reptiles","Squamata","Colubridae","Data Deficient",43,0.326,"Temperature: seasonal max upper extreme",14
"Adelastes hylonomos","Amphibians","Anura","Microhylidae","Least Concern",40,0.325,"Temperature: seasonal max upper extreme",13
"Lycodryas carleti","Reptiles","Squamata","Pseudoxyrhophiidae","Near Threatened",34,0.324,"Temperature: seasonal max upper extreme",11
"Platysaurus guttatus","Reptiles","Squamata","Cordylidae","Least Concern",31,0.323,"Precipitation: seasonal max upper extreme",10
"Ctenophorus parviceps","Reptiles","Squamata","Agamidae","Least Concern",22,0.318,"Temperature: annual upper extreme",7
"Chlorostilbon olivaresi","Birds","Caprimulgiformes","Trochilidae","Least Concern",19,0.316,"Temperature: annual upper extreme",6
"Megadendromus nikolausi","Mammals","Rodentia","Nesomyidae","Vulnerable",19,0.316,"Precipitation: seasonal min lower extreme",6
"Boana hutchinsi","Amphibians","Anura","Hylidae","Least Concern",115,0.313,"Precipitation: annual upper extreme",36
"Pseudoxyrhopus kely","Reptiles","Squamata","Pseudoxyrhophiidae","Endangered",16,0.312,"Temperature: annual upper extreme",5
"Aglyptodactylus inguinalis","Amphibians","Anura","Mantellidae","Least Concern",45,0.311,"Temperature: seasonal max upper extreme",14
"Delma mitella","Reptiles","Squamata","Pygopodidae","Least Concern",26,0.308,"Precipitation: seasonal max upper extreme",8
"Eulemur cinereiceps","Mammals","Primates","Lemuridae","Critically Endangered",13,0.308,"Temperature: seasonal max upper extreme",4
"Trachylepis ferrarai","Reptiles","Squamata","Scincidae","Data Deficient",13,0.308,"Precipitation: seasonal min lower extreme",4
"Cornufer bufoniformis","Amphibians","Anura","Ceratobatrachidae","Least Concern",23,0.304,"Temperature: seasonal max upper extreme",7
"Guibemantis tasifotsy","Amphibians","Anura","Mantellidae","Vulnerable",23,0.304,"Temperature: annual upper extreme",7
"Litoria lutea","Amphibians","Anura","Pelodryadidae","Least Concern",23,0.304,"Temperature: seasonal max upper extreme",7
"Rhipidura cockerelli","Birds","Passeriformes","Rhipiduridae","Least Concern",23,0.304,"Temperature: seasonal max upper extreme",7
"Emoia callisticta","Reptiles","Squamata","Scincidae","Least Concern",43,0.302,"Precipitation: annual upper extreme",13
"Myzopoda schliemanni","Mammals","Chiroptera","Myzopodidae","Least Concern",73,0.301,"Temperature: annual upper extreme",22
"Amazona agilis","Birds","Psittaciformes","Psittacidae","Endangered",10,0.3,"Temperature: annual upper extreme",3
"Carpomys phaeurus","Mammals","Rodentia","Muridae","Least Concern",10,0.3,"Precipitation: annual upper extreme",3
"Celestus hewardi","Reptiles","Squamata","Anguidae","Endangered",10,0.3,"Temperature: annual upper extreme",3
"Copiula lennarti","Amphibians","Anura","Microhylidae","Least Concern",10,0.3,"Precipitation: annual upper extreme",3
"Crocidura virgata","Mammals","Eulipotyphla","Soricidae","Least Concern",10,0.3,"Precipitation: seasonal max upper extreme",3
"Hylophorbus sigridae","Amphibians","Anura","Microhylidae","Least Concern",10,0.3,"Precipitation: annual upper extreme",3
"Leptodactylus nesiotus","Amphibians","Anura","Leptodactylidae","Least Concern",10,0.3,"Temperature: seasonal max upper extreme",3
"Monachella coultasi","Birds","Passeriformes","Petroicidae","Near Threatened",20,0.3,"Temperature: seasonal max upper extreme",6
"Petrogale persephone","Mammals","Diprotodontia","Macropodidae","Endangered",10,0.3,"Precipitation: annual upper extreme",3
"Sphenomorphus buettikoferi","Reptiles","Squamata","Scincidae","Data Deficient",10,0.3,"Temperature: seasonal max upper extreme",3
"Petrogale sharmani","Mammals","Diprotodontia","Macropodidae","Vulnerable",37,0.297,"Precipitation: annual upper extreme",11
"Sminthopsis psammophila","Mammals","Dasyuromorphia","Dasyuridae","Vulnerable",27,0.296,"Precipitation: annual lower extreme",8
"Platysaurus minor","Reptiles","Squamata","Cordylidae","Least Concern",44,0.295,"Precipitation: seasonal max upper extreme",13
"Asaccus platyrhynchus","Reptiles","Squamata","Phyllodactylidae","Least Concern",17,0.294,"Temperature: annual upper extreme",5
"Lerista hobsoni","Reptiles","Squamata","Scincidae","Near Threatened",34,0.294,"Precipitation: annual upper extreme",10
"Sciurus sanborni","Mammals","Rodentia","Sciuridae","Data Deficient",51,0.294,"Temperature: seasonal max upper extreme",15
"Uroplatus guentheri","Reptiles","Squamata","Gekkonidae","Endangered",24,0.292,"Temperature: seasonal max upper extreme",7
"Elephantulus fuscipes","Mammals","Macroscelidea","Macroscelididae","Data Deficient",238,0.29,"Precipitation: seasonal min lower extreme",69
"Andalgalomys olrogi","Mammals","Rodentia","Cricetidae","Least Concern",122,0.287,"Temperature: seasonal max upper extreme",35
"Amblyornis flavifrons","Birds","Passeriformes","Ptilonorhynchidae","Least Concern",7,0.286,"Precipitation: annual upper extreme",2
"Ambystoma silvense","Amphibians","Caudata","Ambystomatidae","Data Deficient",7,0.286,"Temperature: annual upper extreme",2
"Amphisbaena pericensis","Reptiles","Squamata","Amphisbaenidae","Least Concern",7,0.286,"Temperature: seasonal max upper extreme",2
"Anolis solitarius","Reptiles","Squamata","Anolidae","Near Threatened",7,0.286,"Temperature: seasonal max upper extreme",2
"Anomaloglossus beebei","Amphibians","Anura","Aromobatidae","Endangered",7,0.286,"Precipitation: seasonal max upper extreme",2
"Anthops ornatus","Mammals","Chiroptera","Hipposideridae","Vulnerable",21,0.286,"Temperature: seasonal max upper extreme",6
"Atopogale cubana","Mammals","Eulipotyphla","Solenodontidae","Endangered",7,0.286,"Temperature: annual upper extreme",2
"Bradypodion baviaanense","Reptiles","Squamata","Chamaeleonidae","Least Concern",7,0.286,"Temperature: annual upper extreme",2
"Calumma glawi","Reptiles","Squamata","Chamaeleonidae","Endangered",7,0.286,"Temperature: annual upper extreme",2
"Calumma globifer","Reptiles","Squamata","Chamaeleonidae","Endangered",7,0.286,"Temperature: seasonal max upper extreme",2
"Calumma tarzan","Reptiles","Squamata","Chamaeleonidae","Critically Endangered",7,0.286,"Temperature: annual upper extreme",2
"Chikila gaiduwani","Amphibians","Gymnophiona","Chikilidae","Least Concern",7,0.286,"Temperature: annual upper extreme",2
"Choerophryne gudrunae","Amphibians","Anura","Microhylidae","Endangered",7,0.286,"Temperature: annual upper extreme",2
"Chondrohierax wilsonii","Birds","Accipitriformes","Accipitridae","Critically Endangered",7,0.286,"Temperature: annual upper extreme",2
"Crateromys schadenbergi","Mammals","Rodentia","Muridae","Endangered",7,0.286,"Precipitation: annual upper extreme",2
"Crocidura vosmaeri","Mammals","Eulipotyphla","Soricidae","Data Deficient",14,0.286,"Temperature: seasonal max upper extreme",4
"Dendropsophus frosti","Amphibians","Anura","Hylidae","Least Concern",7,0.286,"Temperature: seasonal max upper extreme",2
"Eremiascincus emigrans","Reptiles","Squamata","Scincidae","Least Concern",7,0.286,"Precipitation: seasonal max upper extreme",2
"Flexiseps meva","Reptiles","Squamata","Scincidae","Not assessed",7,0.286,"Temperature: annual upper extreme",2
"Gehyra lampei","Reptiles","Squamata","Gekkonidae","Data Deficient",21,0.286,"Temperature: seasonal max upper extreme",6
"Haeromys minahassae","Mammals","Rodentia","Muridae","Near Threatened",7,0.286,"Precipitation: seasonal max upper extreme",2
"Ischnocnema holti","Amphibians","Anura","Brachycephalidae","Least Concern",7,0.286,"Precipitation: annual lower extreme",2
"Ithycyphus goudoti","Reptiles","Squamata","Pseudoxyrhophiidae","Least Concern",35,0.286,"Temperature: seasonal max upper extreme",10
"Lerista allochira","Reptiles","Squamata","Scincidae","Least Concern",7,0.286,"Temperature: annual upper extreme",2
"Liolaemus talampaya","Reptiles","Squamata","Liolaemidae","Least Concern",7,0.286,"Temperature: annual upper extreme",2
"Liophidium trilineatum","Reptiles","Squamata","Pseudoxyrhophiidae","Data Deficient",21,0.286,"Precipitation: seasonal max upper extreme",6
"Lipinia rabori","Reptiles","Squamata","Scincidae","Data Deficient",7,0.286,"Precipitation: annual upper extreme",2
"Litoria richardsi","Amphibians","Anura","Pelodryadidae","Least Concern",7,0.286,"Temperature: annual upper extreme",2
"Mantella haraldmeieri","Amphibians","Anura","Mantellidae","Endangered",7,0.286,"Temperature: annual upper extreme",2
"Mantidactylus madecassus","Amphibians","Anura","Mantellidae","Endangered",7,0.286,"Temperature: annual upper extreme",2
"Microcaecilia dermatophaga","Amphibians","Gymnophiona","Siphonopidae","Least Concern",7,0.286,"Temperature: annual upper extreme",2
"Micryletta aishani","Amphibians","Anura","Microhylidae","Data Deficient",7,0.286,"Temperature: annual upper extreme",2
"Myotis morrisi","Mammals","Chiroptera","Vespertilionidae","Data Deficient",7,0.286,"Temperature: seasonal max upper extreme",2
"Nesopsar nigerrimus","Birds","Passeriformes","Icteridae","Endangered",7,0.286,"Temperature: annual upper extreme",2
"Nucras caesicaudata","Reptiles","Squamata","Lacertidae","Data Deficient",7,0.286,"Temperature: annual upper extreme",2
"Nycticebus bancanus","Mammals","Primates","Lorisidae","Critically Endangered",14,0.286,"Temperature: seasonal max upper extreme",4
"Phelsuma parva","Reptiles","Squamata","Gekkonidae","Least Concern",56,0.286,"Temperature: seasonal max upper extreme",16
"Rhogeessa menchuae","Mammals","Chiroptera","Vespertilionidae","Data Deficient",7,0.286,"Precipitation: seasonal max upper extreme",2
"Sphaerodactylus samanensis","Reptiles","Squamata","Sphaerodactylidae","Critically Endangered",7,0.286,"Temperature: annual upper extreme",2
"Stenocercus carrioni","Reptiles","Squamata","Tropiduridae","Endangered",7,0.286,"Temperature: annual upper extreme",2
"Symposiachrus barbatus","Birds","Passeriformes","Monarchidae","Least Concern",21,0.286,"Temperature: seasonal max upper extreme",6
"Tantilla shawi","Reptiles","Squamata","Colubridae","Endangered",7,0.286,"Temperature: annual upper extreme",2
"Todiramphus leucopygius","Birds","Coraciiformes","Alcedinidae","Least Concern",21,0.286,"Temperature: seasonal max upper extreme",6
"Trachylepis hemmingi","Reptiles","Squamata","Scincidae","Least Concern",21,0.286,"Temperature: annual upper extreme",6
"Turnix everetti","Birds","Charadriiformes","Turnicidae","Vulnerable",7,0.286,"Precipitation: seasonal max upper extreme",2
"Carlia rubrigularis","Reptiles","Squamata","Scincidae","Least Concern",32,0.281,"Precipitation: seasonal max upper extreme",9
"Dicaeum aeneum","Birds","Passeriformes","Dicaeidae","Least Concern",25,0.28,"Temperature: seasonal max upper extreme",7
"Edolisoma holopolium","Birds","Passeriformes","Campephagidae","Least Concern",25,0.28,"Temperature: seasonal max upper extreme",7
"Monarcha castaneiventris","Birds","Passeriformes","Monarchidae","Least Concern",25,0.28,"Temperature: seasonal max upper extreme",7
"Liolaemus laurenti","Reptiles","Squamata","Liolaemidae","Least Concern",36,0.278,"Temperature: seasonal max upper extreme",10
"Cantorchilus griseus","Birds","Passeriformes","Troglodytidae","Least Concern",159,0.277,"Precipitation: seasonal max upper extreme",44
"Heterixalus alboguttatus","Amphibians","Anura","Hyperoliidae","Least Concern",51,0.275,"Temperature: seasonal max upper extreme",14
"Acontias parietalis","Reptiles","Squamata","Scincidae","Least Concern",11,0.273,"Temperature: seasonal max upper extreme",3
"Chiasmocleis magnova","Amphibians","Anura","Microhylidae","Least Concern",11,0.273,"Temperature: seasonal max upper extreme",3
"Coracina welchmani","Birds","Passeriformes","Campephagidae","Least Concern",22,0.273,"Temperature: seasonal max upper extreme",6
"Eleutherodactylus pantoni","Amphibians","Anura","Eleutherodactylidae","Vulnerable",11,0.273,"Temperature: annual upper extreme",3
"Eremiascincus timorensis","Reptiles","Squamata","Scincidae","Near Threatened",11,0.273,"Precipitation: seasonal max upper extreme",3
"Eurostopodus nigripennis","Birds","Caprimulgiformes","Caprimulgidae","Vulnerable",22,0.273,"Temperature: seasonal max upper extreme",6
"Osteopilus crucialis","Amphibians","Anura","Hylidae","Vulnerable",11,0.273,"Temperature: annual upper extreme",3
"Phaner electromontis","Mammals","Primates","Cheirogaleidae","Endangered",11,0.273,"Temperature: annual upper extreme",3
"Flexiseps tanysoma","Reptiles","Squamata","Scincidae","Not assessed",37,0.27,"Temperature: seasonal max upper extreme",10
"Boophis opisthodon","Amphibians","Anura","Mantellidae","Least Concern",56,0.268,"Temperature: seasonal max upper extreme",15
"Saproscincus basiliscus","Reptiles","Squamata","Scincidae","Least Concern",41,0.268,"Precipitation: seasonal max upper extreme",11
"Scinax lindsayi","Amphibians","Anura","Hylidae","Least Concern",82,0.268,"Precipitation: annual upper extreme",22
"Xenopus boumbaensis","Amphibians","Anura","Pipidae","Near Threatened",41,0.268,"Precipitation: seasonal min lower extreme",11
"Cyrtodactylus tripuraensis","Reptiles","Squamata","Gekkonidae","Least Concern",15,0.267,"Temperature: annual upper extreme",4
"Hirundo megaensis","Birds","Passeriformes","Hirundinidae","Vulnerable",30,0.267,"Precipitation: seasonal min lower extreme",8
"Hyla carthaginiensis","Amphibians","Anura","Hylidae","Near Threatened",45,0.267,"Temperature: annual upper extreme",12
"Mantidactylus tricinctus","Amphibians","Anura","Mantellidae","Vulnerable",15,0.267,"Temperature: annual upper extreme",4
"Saurodactylus slimanii","Reptiles","Squamata","Sphaerodactylidae","Not assessed",15,0.267,"Temperature: seasonal max upper extreme",4
"Toxicocalamus buergersi","Reptiles","Squamata","Elapidae","Not assessed",15,0.267,"Temperature: seasonal max upper extreme",4
"Lophuromys brevicaudus","Mammals","Rodentia","Muridae","Near Threatened",38,0.263,"Precipitation: seasonal min lower extreme",10
"Austrochaperina robusta","Amphibians","Anura","Microhylidae","Least Concern",23,0.261,"Precipitation: seasonal max upper extreme",6
"Aplonis grandis","Birds","Passeriformes","Sturnidae","Least Concern",27,0.259,"Temperature: seasonal max upper extreme",7
"Cacatua ducorpsii","Birds","Psittaciformes","Cacatuidae","Least Concern",27,0.259,"Temperature: seasonal max upper extreme",7
"Cornufer guentheri","Amphibians","Anura","Ceratobatrachidae","Least Concern",27,0.259,"Temperature: seasonal max upper extreme",7
"Cornufer hedigeri","Amphibians","Anura","Ceratobatrachidae","Least Concern",27,0.259,"Temperature: seasonal max upper extreme",7
"Cornufer solomonis","Amphibians","Anura","Ceratobatrachidae","Least Concern",27,0.259,"Temperature: seasonal max upper extreme",7
"Cornufer vertebralis","Amphibians","Anura","Ceratobatrachidae","Least Concern",27,0.259,"Temperature: seasonal max upper extreme",7
"Cornufer weberi","Amphibians","Anura","Ceratobatrachidae","Least Concern",27,0.259,"Temperature: seasonal max upper extreme",7
"Cyrtodactylus salomonensis","Reptiles","Squamata","Gekkonidae","Near Threatened",27,0.259,"Temperature: seasonal max upper extreme",7
"Loveridgelaps elapoides","Reptiles","Squamata","Elapidae","Vulnerable",27,0.259,"Temperature: seasonal max upper extreme",7
"Madatyphlops arenarius","Reptiles","Squamata","Typhlopidae","Least Concern",54,0.259,"Temperature: annual upper extreme",14
"Myiagra ferrocyanea","Birds","Passeriformes","Monarchidae","Least Concern",27,0.259,"Temperature: seasonal max upper extreme",7
"Pachyhynobius shangchengensis","Amphibians","Caudata","Hynobiidae","Vulnerable",27,0.259,"Temperature: annual upper extreme",7
"Pteropus rayneri","Mammals","Chiroptera","Pteropodidae","Near Threatened",27,0.259,"Temperature: seasonal max upper extreme",7
"Sphenomorphus cranei","Reptiles","Squamata","Scincidae","Least Concern",27,0.259,"Temperature: seasonal max upper extreme",7
"Amazophrynella amazonicola","Amphibians","Anura","Bufonidae","Least Concern",101,0.257,"Precipitation: seasonal max upper extreme",26
"Carlia decora","Reptiles","Squamata","Scincidae","Least Concern",35,0.257,"Precipitation: annual upper extreme",9
"Herpsilochmus gentryi","Birds","Passeriformes","Thamnophilidae","Least Concern",35,0.257,"Temperature: seasonal max upper extreme",9
"Coeranoscincus frontalis","Reptiles","Squamata","Scincidae","Least Concern",43,0.256,"Precipitation: seasonal max upper extreme",11
"Lepilemur petteri","Mammals","Primates","Lepilemuridae","Endangered",39,0.256,"Precipitation: seasonal max upper extreme",10
"Abronia antauges","Reptiles","Squamata","Anguidae","Data Deficient",4,0.25,"Temperature: annual upper extreme",1
"Abronia bogerti","Reptiles","Squamata","Anguidae","Data Deficient",4,0.25,"Temperature: annual upper extreme",1
"Abronia matudai","Reptiles","Squamata","Anguidae","Endangered",4,0.25,"Temperature: annual upper extreme",1
"Abronia mitchelli","Reptiles","Squamata","Anguidae","Data Deficient",4,0.25,"Temperature: annual upper extreme",1
"Acontias rieppeli","Reptiles","Squamata","Scincidae","Endangered",4,0.25,"Temperature: annual upper extreme",1
"Acontias wakkerstroomensis","Reptiles","Squamata","Scincidae","Data Deficient",4,0.25,"Temperature: seasonal max upper extreme",1
"Aerodramus francicus","Birds","Caprimulgiformes","Apodidae","Near Threatened",4,0.25,"Temperature: annual upper extreme",1
"Afrixalus lacteus","Amphibians","Anura","Hyperoliidae","Endangered",4,0.25,"Temperature: annual upper extreme",1
"Afroedura multiporis","Reptiles","Squamata","Gekkonidae","Near Threatened",4,0.25,"Temperature: annual upper extreme",1
"Afroedura rupestris","Reptiles","Squamata","Gekkonidae","Least Concern",4,0.25,"Temperature: annual upper extreme",1
"Aglaeactis aliciae","Birds","Caprimulgiformes","Trochilidae","Vulnerable",4,0.25,"Precipitation: annual upper extreme",1
"Alcalus sariba","Amphibians","Anura","Ceratobatrachidae","Endangered",4,0.25,"Precipitation: seasonal max upper extreme",1
"Alopecoenas sanctaecrucis","Birds","Columbiformes","Columbidae","Not assessed",4,0.25,"Temperature: annual upper extreme",1
"Alopoglossus romaleos","Reptiles","Squamata","Alopoglossidae","Data Deficient",4,0.25,"Temperature: annual upper extreme",1
"Alsodes tumultuosus","Amphibians","Anura","Alsodidae","Vulnerable",4,0.25,"Temperature: annual upper extreme",1
"Amazona collaria","Birds","Psittaciformes","Psittacidae","Vulnerable",12,0.25,"Temperature: annual upper extreme",3
"Amolops mahabharatensis","Amphibians","Anura","Ranidae","Vulnerable",4,0.25,"Temperature: annual upper extreme",1
"Amphisbaena bakeri","Reptiles","Squamata","Amphisbaenidae","Least Concern",4,0.25,"Temperature: annual upper extreme",1
"Amphisbaena xera","Reptiles","Squamata","Amphisbaenidae","Near Threatened",4,0.25,"Temperature: annual upper extreme",1
"Anadia petersi","Reptiles","Squamata","Gymnophthalmidae","Data Deficient",4,0.25,"Temperature: annual upper extreme",1
"Ancylocranium barkeri","Reptiles","Squamata","Amphisbaenidae","Data Deficient",8,0.25,"Temperature: seasonal max upper extreme",2
"Ancylodactylus petrodroma","Reptiles","Squamata","Gekkonidae","Data Deficient",4,0.25,"Temperature: annual upper extreme",1
"Anodonthyla hutchisoni","Amphibians","Anura","Microhylidae","Endangered",4,0.25,"Temperature: seasonal max upper extreme",1
"Anodonthyla montana","Amphibians","Anura","Microhylidae","Vulnerable",4,0.25,"Temperature: annual upper extreme",1
"Anolis alvarezdeltoroi","Reptiles","Squamata","Anolidae","Data Deficient",4,0.25,"Temperature: annual upper extreme",1
"Anolis breedlovei","Reptiles","Squamata","Anolidae","Endangered",4,0.25,"Temperature: annual upper extreme",1
"Anolis dissimilis","Reptiles","Squamata","Anolidae","Least Concern",4,0.25,"Precipitation: seasonal max upper extreme",1
"Anolis dolichocephalus","Reptiles","Squamata","Anolidae","Endangered",4,0.25,"Temperature: annual upper extreme",1
"Anolis kreutzi","Reptiles","Squamata","Anolidae","Critically Endangered",4,0.25,"Temperature: annual upper extreme",1
"Anolis laevis","Reptiles","Squamata","Anolidae","Data Deficient",4,0.25,"Precipitation: annual upper extreme",1
"Anolis loveridgei","Reptiles","Squamata","Anolidae","Endangered",4,0.25,"Precipitation: seasonal max upper extreme",1
"Anolis macrinii","Reptiles","Squamata","Anolidae","Least Concern",4,0.25,"Temperature: annual upper extreme",1
"Anolis pijolensis","Reptiles","Squamata","Anolidae","Endangered",4,0.25,"Precipitation: seasonal max upper extreme",1
"Anolis poncensis","Reptiles","Squamata","Anolidae","Least Concern",4,0.25,"Temperature: annual upper extreme",1
"Anolis propinquus","Reptiles","Squamata","Anolidae","Data Deficient",4,0.25,"Precipitation: annual upper extreme",1
"Anolis rejectus","Reptiles","Squamata","Anolidae","Endangered",4,0.25,"Temperature: annual upper extreme",1
"Anolis strahmi","Reptiles","Squamata","Anolidae","Endangered",4,0.25,"Temperature: annual upper extreme",1
"Anonymomys mindorensis","Mammals","Rodentia","Muridae","Data Deficient",4,0.25,"Precipitation: annual upper extreme",1
"Anoplohydrus aemulans","Reptiles","Squamata","Natricidae","Data Deficient",4,0.25,"Temperature: annual upper extreme",1
"Antrostomus noctitherus","Birds","Caprimulgiformes","Caprimulgidae","Vulnerable",4,0.25,"Temperature: annual upper extreme",1
"Aplonis zelandica","Birds","Passeriformes","Sturnidae","Least Concern",4,0.25,"Temperature: annual upper extreme",1
"Apomys aurorae","Mammals","Rodentia","Muridae","Least Concern",4,0.25,"Temperature: annual upper extreme",1
"Apomys gracilirostris","Mammals","Rodentia","Muridae","Least Concern",4,0.25,"Precipitation: annual upper extreme",1
"Apteryx rowi","Birds","Struthioniformes","Apterygidae","Vulnerable",4,0.25,"Temperature: annual upper extreme",1
"Aquiloeurycea quetzalanensis","Amphibians","Caudata","Plethodontidae","Critically Endangered",4,0.25,"Temperature: annual upper extreme",1
"Arrhyton redimitum","Reptiles","Squamata","Dipsadidae","Least Concern",8,0.25,"Temperature: annual upper extreme",2
"Arthroleptis krokosua","Amphibians","Anura","Arthroleptidae","Critically Endangered",4,0.25,"Temperature: annual upper extreme",1
"Arthroleptis langeri","Amphibians","Anura","Arthroleptidae","Endangered",4,0.25,"Temperature: annual upper extreme",1
"Arthroleptis perreti","Amphibians","Anura","Arthroleptidae","Endangered",4,0.25,"Temperature: annual upper extreme",1
"Arthrosaura synaptolepis","Reptiles","Squamata","Gymnophthalmidae","Least Concern",4,0.25,"Temperature: annual upper extreme",1
"Asaccus gardneri","Reptiles","Squamata","Phyllodactylidae","Least Concern",4,0.25,"Precipitation: annual lower extreme",1
"Asaccus kermanshahensis","Reptiles","Squamata","Phyllodactylidae","Least Concern",4,0.25,"Temperature: seasonal max upper extreme",1
"Atheris mabuensis","Reptiles","Squamata","Viperidae","Endangered",4,0.25,"Temperature: annual upper extreme",1
"Bachia intermedia","Reptiles","Squamata","Gymnophthalmidae","Data Deficient",4,0.25,"Temperature: seasonal max upper extreme",1
"Barygenys parvula","Amphibians","Anura","Microhylidae","Near Threatened",4,0.25,"Temperature: annual upper extreme",1
"Bettongia lesueur","Mammals","Diprotodontia","Potoroidae","Near Threatened",4,0.25,"Temperature: annual upper extreme",1
"Bolitoglossa kaqchikelorum","Amphibians","Caudata","Plethodontidae","Endangered",4,0.25,"Temperature: annual upper extreme",1
"Bolitoglossa tenebrosa","Amphibians","Caudata","Plethodontidae","Endangered",4,0.25,"Temperature: annual upper extreme",1
"Bolitoglossa zapoteca","Amphibians","Caudata","Plethodontidae","Endangered",4,0.25,"Temperature: annual upper extreme",1
"Boophis burgeri","Amphibians","Anura","Mantellidae","Data Deficient",4,0.25,"Temperature: annual upper extreme",1
"Boophis jaegeri","Amphibians","Anura","Mantellidae","Endangered",4,0.25,"Precipitation: seasonal min lower extreme",1
"Boophis laurenti","Amphibians","Anura","Mantellidae","Endangered",4,0.25,"Temperature: annual upper extreme",1
"Boophis spinophis","Amphibians","Anura","Mantellidae","Vulnerable",4,0.25,"Temperature: annual upper extreme",1
"Brachymeles lukbani","Reptiles","Squamata","Scincidae","Least Concern",12,0.25,"Precipitation: annual upper extreme",3
"Branta sandvicensis","Birds","Anseriformes","Anatidae","Near Threatened",4,0.25,"Temperature: annual upper extreme",1
"Brookesia karchei","Reptiles","Squamata","Chamaeleonidae","Endangered",4,0.25,"Temperature: annual upper extreme",1
"Caecilia crassisquama","Amphibians","Gymnophiona","Caeciliidae","Data Deficient",4,0.25,"Temperature: annual upper extreme",1
"Calamaria crassa","Reptiles","Squamata","Calamariidae","Data Deficient",4,0.25,"Temperature: annual upper extreme",1
"Calamaria lateralis","Reptiles","Squamata","Calamariidae","Data Deficient",4,0.25,"Precipitation: annual upper extreme",1
"Callosciurus melanogaster","Mammals","Rodentia","Sciuridae","Vulnerable",4,0.25,"Temperature: annual upper extreme",1
"Callulops eremnosphax","Amphibians","Anura","Microhylidae","Least Concern",8,0.25,"Temperature: annual upper extreme",2
"Callulops glandulosus","Amphibians","Anura","Microhylidae","Data Deficient",4,0.25,"Precipitation: annual upper extreme",1
"Callulops marmoratus","Amphibians","Anura","Microhylidae","Data Deficient",12,0.25,"Temperature: annual upper extreme",3
"Calotes liocephalus","Reptiles","Squamata","Agamidae","Endangered",4,0.25,"Temperature: annual upper extreme",1
"Calotes zolaiking","Reptiles","Squamata","Agamidae","Data Deficient",4,0.25,"Temperature: annual upper extreme",1
"Calumma furcifer","Reptiles","Squamata","Chamaeleonidae","Endangered",8,0.25,"Temperature: annual upper extreme",2
"Calumma peyrierasi","Reptiles","Squamata","Chamaeleonidae","Vulnerable",4,0.25,"Temperature: annual upper extreme",1
"Calyptommatus nicterus","Reptiles","Squamata","Gymnophthalmidae","Endangered",4,0.25,"Temperature: annual upper extreme",1
"Capito fitzpatricki","Birds","Piciformes","Capitonidae","Near Threatened",4,0.25,"Temperature: annual upper extreme",1
"Caprimulgus prigoginei","Birds","Caprimulgiformes","Caprimulgidae","Endangered",4,0.25,"Temperature: annual upper extreme",1
"Carpomys melanurus","Mammals","Rodentia","Muridae","Data Deficient",4,0.25,"Precipitation: annual upper extreme",1
"Celestus barbouri","Reptiles","Squamata","Anguidae","Endangered",8,0.25,"Temperature: annual upper extreme",2
"Centrolene muelleri","Amphibians","Anura","Centrolenidae","Data Deficient",4,0.25,"Precipitation: annual upper extreme",1
"Centrolene solitaria","Amphibians","Anura","Centrolenidae","Endangered",4,0.25,"Precipitation: annual upper extreme",1
"Centropus milo","Birds","Cuculiformes","Cuculidae","Least Concern",8,0.25,"Temperature: annual upper extreme",2
"Charmosyna palmarum","Birds","Psittaciformes","Psittacidae","Vulnerable",4,0.25,"Temperature: annual upper extreme",1
"Chiropodomys karlkoopmani","Mammals","Rodentia","Muridae","Vulnerable",4,0.25,"Temperature: annual upper extreme",1
"Chiropterotriton miquihuanus","Amphibians","Caudata","Plethodontidae","Endangered",4,0.25,"Temperature: annual upper extreme",1
"Chiropterotriton multidentatus","Amphibians","Caudata","Plethodontidae","Endangered",4,0.25,"Temperature: annual upper extreme",1
"Choerophryne grylloides","Amphibians","Anura","Microhylidae","Least Concern",4,0.25,"Temperature: annual upper extreme",1
"Chrysobatrachus cupreonitens","Amphibians","Anura","Hyperoliidae","Endangered",4,0.25,"Temperature: annual upper extreme",1
"Cnemaspis flaviventralis","Reptiles","Squamata","Gekkonidae","Endangered",4,0.25,"Temperature: annual upper extreme",1
"Cnemaspis girii","Reptiles","Squamata","Gekkonidae","Data Deficient",4,0.25,"Temperature: annual upper extreme",1
"Cnemaspis whittenorum","Reptiles","Squamata","Gekkonidae","Least Concern",4,0.25,"Temperature: annual upper extreme",1
"Coccyzus rufigularis","Birds","Cuculiformes","Cuculidae","Endangered",8,0.25,"Temperature: annual upper extreme",2
"Colostethus poecilonotus","Amphibians","Anura","Dendrobatidae","Data Deficient",4,0.25,"Precipitation: annual upper extreme",1
"Concinnia frerei","Reptiles","Squamata","Scincidae","Vulnerable",4,0.25,"Temperature: annual upper extreme",1
"Cophixalus sphagnicola","Amphibians","Anura","Microhylidae","Endangered",4,0.25,"Temperature: annual upper extreme",1
"Cornufer macrosceles","Amphibians","Anura","Ceratobatrachidae","Least Concern",8,0.25,"Temperature: annual upper extreme",2
"Crateromys heaneyi","Mammals","Rodentia","Muridae","Endangered",8,0.25,"Precipitation: annual upper extreme",2
"Craugastor guerreroensis","Amphibians","Anura","Craugastoridae","Endangered",4,0.25,"Temperature: annual upper extreme",1
"Craugastor megalotympanum","Amphibians","Anura","Craugastoridae","Endangered",4,0.25,"Temperature: annual upper extreme",1
"Crocidura arispa","Mammals","Eulipotyphla","Soricidae","Least Concern",4,0.25,"Temperature: annual upper extreme",1
"Crocidura mindorus","Mammals","Eulipotyphla","Soricidae","Data Deficient",4,0.25,"Precipitation: annual upper extreme",1
"Cryptoblepharus novohebridicus","Reptiles","Squamata","Scincidae","Least Concern",4,0.25,"Temperature: annual upper extreme",1
"Cryptoblepharus yulensis","Reptiles","Squamata","Scincidae","Least Concern",8,0.25,"Temperature: annual upper extreme",2
"Ctenotus monticola","Reptiles","Squamata","Scincidae","Least Concern",8,0.25,"Precipitation: seasonal max upper extreme",2
"Ctenotus youngsoni","Reptiles","Squamata","Scincidae","Least Concern",4,0.25,"Temperature: annual upper extreme",1
"Cynisca kigomensis","Reptiles","Squamata","Amphisbaenidae","Critically Endangered",4,0.25,"Temperature: annual upper extreme",1
"Cyrtodactylus cucphuongensis","Reptiles","Squamata","Gekkonidae","Least Concern",4,0.25,"Precipitation: seasonal max upper extreme",1
"Cyrtodactylus gansi","Reptiles","Squamata","Gekkonidae","Least Concern",4,0.25,"Precipitation: seasonal min lower extreme",1
"Cyrtodactylus hoskini","Reptiles","Squamata","Gekkonidae","Least Concern",4,0.25,"Temperature: annual upper extreme",1
"Cyrtopodion rhodocauda","Reptiles","Squamata","Gekkonidae","Least Concern",4,0.25,"Temperature: annual upper extreme",1
"Cyrtopodion sistanense","Reptiles","Squamata","Gekkonidae","Least Concern",4,0.25,"Temperature: annual upper extreme",1
"Dendropsophus praestans","Amphibians","Anura","Hylidae","Least Concern",4,0.25,"Precipitation: annual upper extreme",1
"Dibamus seramensis","Reptiles","Squamata","Dibamidae","Vulnerable",4,0.25,"Precipitation: annual upper extreme",1
"Dinarolacerta montenegrina","Reptiles","Squamata","Lacertidae","Least Concern",4,0.25,"Temperature: annual upper extreme",1
"Dipsadoboa montisilva","Reptiles","Squamata","Colubridae","Near Threatened",4,0.25,"Temperature: annual upper extreme",1
"Dipsas schunkii","Reptiles","Squamata","Dipsadidae","Data Deficient",4,0.25,"Temperature: annual upper extreme",1
"Dischidodactylus colonnelloi","Amphibians","Anura","Craugastoridae","Near Threatened",4,0.25,"Temperature: annual upper extreme",1
"Drymoluber apurimacensis","Reptiles","Squamata","Colubridae","Critically Endangered",4,0.25,"Temperature: seasonal max upper extreme",1
"Dryophytes flaviventris","Amphibians","Anura","Hylidae","Endangered",8,0.25,"Temperature: annual upper extreme",2
"Ducula bakeri","Birds","Columbiformes","Columbidae","Least Concern",4,0.25,"Temperature: annual upper extreme",1
"Duttaphrynus chandai","Amphibians","Anura","Bufonidae","Data Deficient",8,0.25,"Temperature: seasonal max upper extreme",2
"Duttaphrynus nagalandensis","Amphibians","Anura","Bufonidae","Data Deficient",4,0.25,"Temperature: annual upper extreme",1
"Duttaphrynus scorteccii","Amphibians","Anura","Bufonidae","Data Deficient",4,0.25,"Temperature: annual upper extreme",1
"Echiothrix leucura","Mammals","Rodentia","Muridae","Endangered",4,0.25,"Precipitation: annual upper extreme",1
"Eirenis rechingeri","Reptiles","Squamata","Colubridae","Data Deficient",4,0.25,"Temperature: seasonal max upper extreme",1
"Elaenia fallax","Birds","Passeriformes","Tyrannidae","Least Concern",12,0.25,"Temperature: annual upper extreme",3
"Eleutherodactylus armstrongi","Amphibians","Anura","Eleutherodactylidae","Endangered",4,0.25,"Temperature: annual upper extreme",1
"Eleutherodactylus furcyensis","Amphibians","Anura","Eleutherodactylidae","Critically Endangered",4,0.25,"Temperature: annual upper extreme",1
"Eleutherodactylus grunwaldi","Amphibians","Anura","Eleutherodactylidae","Endangered",4,0.25,"Temperature: annual upper extreme",1
"Eleutherodactylus haitianus","Amphibians","Anura","Eleutherodactylidae","Endangered",8,0.25,"Temperature: annual upper extreme",2
"Eleutherodactylus hypostenor","Amphibians","Anura","Eleutherodactylidae","Endangered",4,0.25,"Temperature: annual upper extreme",1
"Eleutherodactylus jaliscoensis","Amphibians","Anura","Eleutherodactylidae","Endangered",8,0.25,"Temperature: annual upper extreme",2
"Eleutherodactylus portoricensis","Amphibians","Anura","Eleutherodactylidae","Endangered",4,0.25,"Temperature: annual upper extreme",1
"Eleutherodactylus toa","Amphibians","Anura","Eleutherodactylidae","Endangered",8,0.25,"Temperature: annual upper extreme",2
"Eleutherodactylus tychathrous","Amphibians","Anura","Eleutherodactylidae","Endangered",4,0.25,"Temperature: annual upper extreme",1
"Eliurus petteri","Mammals","Rodentia","Nesomyidae","Endangered",8,0.25,"Temperature: seasonal max upper extreme",2
"Emoia nigromarginata","Reptiles","Squamata","Scincidae","Least Concern",4,0.25,"Temperature: annual upper extreme",1
"Emoia sanfordi","Reptiles","Squamata","Scincidae","Least Concern",4,0.25,"Temperature: annual upper extreme",1
"Eriocnemis nigrivestis","Birds","Caprimulgiformes","Trochilidae","Endangered",4,0.25,"Precipitation: seasonal max upper extreme",1
"Erythrura cyaneovirens","Birds","Passeriformes","Estrildidae","Near Threatened",4,0.25,"Temperature: annual upper extreme",1
"Erythrura kleinschmidti","Birds","Passeriformes","Estrildidae","Vulnerable",8,0.25,"Temperature: annual upper extreme",2
"Euspondylus maculatus","Reptiles","Squamata","Gymnophthalmidae","Data Deficient",4,0.25,"Precipitation: annual upper extreme",1
"Excidobates condor","Amphibians","Anura","Dendrobatidae","Endangered",8,0.25,"Temperature: annual upper extreme",2
"Excidobates mysteriosus","Amphibians","Anura","Dendrobatidae","Endangered",8,0.25,"Temperature: seasonal max upper extreme",2
"Flexiseps alluaudi","Reptiles","Squamata","Scincidae","Not assessed",8,0.25,"Temperature: annual upper extreme",2
"Gastrotheca christiani","Amphibians","Anura","Hemiphractidae","Critically Endangered",4,0.25,"Temperature: annual upper extreme",1
"Gastrotheca chrysosticta","Amphibians","Anura","Hemiphractidae","Endangered",4,0.25,"Temperature: annual upper extreme",1
"Gastrotheca gracilis","Amphibians","Anura","Hemiphractidae","Endangered",8,0.25,"Temperature: seasonal max upper extreme",2
"Gastrotheca nebulanastes","Amphibians","Anura","Hemiphractidae","Endangered",4,0.25,"Temperature: annual upper extreme",1
"Gastrotheca rebeccae","Amphibians","Anura","Hemiphractidae","Endangered",4,0.25,"Temperature: seasonal max upper extreme",1
"Geomys tropicalis","Mammals","Rodentia","Geomyidae","Endangered",4,0.25,"Temperature: annual upper extreme",1
"Geophis chalybeus","Reptiles","Squamata","Dipsadidae","Data Deficient",4,0.25,"Temperature: annual upper extreme",1
"Geophis incomptus","Reptiles","Squamata","Dipsadidae","Data Deficient",4,0.25,"Temperature: annual upper extreme",1
"Geophis maculiferus","Reptiles","Squamata","Dipsadidae","Data Deficient",4,0.25,"Temperature: annual upper extreme",1
"Geophis pyburni","Reptiles","Squamata","Dipsadidae","Data Deficient",4,0.25,"Temperature: annual upper extreme",1
"Geophis sieboldi","Reptiles","Squamata","Dipsadidae","Data Deficient",8,0.25,"Temperature: annual upper extreme",2
"Gephyromantis ranjomavo","Amphibians","Anura","Mantellidae","Endangered",4,0.25,"Temperature: annual upper extreme",1
"Gephyromantis webbi","Amphibians","Anura","Mantellidae","Endangered",8,0.25,"Temperature: seasonal max upper extreme",2
"Glauconycteris superba","Mammals","Chiroptera","Vespertilionidae","Least Concern",8,0.25,"Precipitation: seasonal min lower extreme",2
"Gliciphila notabilis","Birds","Passeriformes","Meliphagidae","Least Concern",4,0.25,"Temperature: annual upper extreme",1
"Goniurosaurus liboensis","Reptiles","Squamata","Eublepharidae","Endangered",4,0.25,"Temperature: annual upper extreme",1
"Grammomys selousi","Mammals","Rodentia","Muridae","Least Concern",4,0.25,"Temperature: seasonal max upper extreme",1
"Graomys edithae","Mammals","Rodentia","Cricetidae","Data Deficient",32,0.25,"Temperature: seasonal max upper extreme",8
"Haackgreerius miopus","Reptiles","Squamata","Scincidae","Data Deficient",4,0.25,"Temperature: annual upper extreme",1
"Habromys ixtlani","Mammals","Rodentia","Cricetidae","Critically Endangered",4,0.25,"Temperature: annual upper extreme",1
"Hadromys humei","Mammals","Rodentia","Muridae","Endangered",8,0.25,"Temperature: annual upper extreme",2
"Hebius sanguineus","Reptiles","Squamata","Natricidae","Least Concern",4,0.25,"Precipitation: seasonal max upper extreme",1
"Hemidactylus arnoldi","Reptiles","Squamata","Gekkonidae","Data Deficient",4,0.25,"Temperature: annual upper extreme",1
"Hemidactylus ophiolepoides","Reptiles","Squamata","Gekkonidae","Data Deficient",8,0.25,"Temperature: annual upper extreme",2
"Heterixalus carbonei","Amphibians","Anura","Hyperoliidae","Least Concern",16,0.25,"Temperature: annual upper extreme",4
"Humerana oatesii","Amphibians","Anura","Ranidae","Data Deficient",4,0.25,"Precipitation: annual upper extreme",1
"Hylobates klossii","Mammals","Primates","Hylobatidae","Endangered",4,0.25,"Temperature: annual upper extreme",1
"Hylodes perere","Amphibians","Anura","Hylodidae","Endangered",4,0.25,"Precipitation: annual lower extreme",1
"Hylomyscus grandis","Mammals","Rodentia","Muridae","Endangered",4,0.25,"Temperature: annual upper extreme",1
"Hylopetes winstoni","Mammals","Rodentia","Sciuridae","Data Deficient",4,0.25,"Precipitation: seasonal max upper extreme",1
"Hyloscirtus diabolus","Amphibians","Anura","Hylidae","Vulnerable",4,0.25,"Temperature: annual upper extreme",1
"Hyloscirtus pacha","Amphibians","Anura","Hylidae","Endangered",4,0.25,"Temperature: annual upper extreme",1
"Hyperolius inornatus","Amphibians","Anura","Hyperoliidae","Data Deficient",4,0.25,"Precipitation: seasonal max upper extreme",1
"Hyperolius kibarae","Amphibians","Anura","Hyperoliidae","Data Deficient",4,0.25,"Precipitation: seasonal max upper extreme",1
"Hypopachus guancasco","Amphibians","Anura","Microhylidae","Endangered",4,0.25,"Temperature: annual upper extreme",1
"Hypsilurus hikidanus","Reptiles","Squamata","Agamidae","Least Concern",4,0.25,"Precipitation: annual upper extreme",1
"Iberolacerta aranica","Reptiles","Squamata","Lacertidae","Endangered",4,0.25,"Temperature: annual upper extreme",1
"Iberolacerta galani","Reptiles","Squamata","Lacertidae","Near Threatened",8,0.25,"Temperature: seasonal max upper extreme",2
"Ichthyophis dulitensis","Amphibians","Gymnophiona","Ichthyophiidae","Data Deficient",4,0.25,"Temperature: annual upper extreme",1
"Ichthyophis paucidentulus","Amphibians","Gymnophiona","Ichthyophiidae","Data Deficient",4,0.25,"Temperature: annual upper extreme",1
"Isthmura maxima","Amphibians","Caudata","Plethodontidae","Endangered",4,0.25,"Temperature: annual upper extreme",1
"Ithycyphus blanci","Reptiles","Squamata","Pseudoxyrhophiidae","Data Deficient",4,0.25,"Temperature: annual upper extreme",1
"Kaloula kokacii","Amphibians","Anura","Microhylidae","Least Concern",8,0.25,"Precipitation: annual upper extreme",2
"Kinosternon vogti","Reptiles","Testudines","Kinosternidae","Critically Endangered",4,0.25,"Temperature: seasonal max upper extreme",1
"Kurixalus berylliniris","Amphibians","Anura","Rhacophoridae","Data Deficient",4,0.25,"Precipitation: annual upper extreme",1
"Lariscus obscurus","Mammals","Rodentia","Sciuridae","Near Threatened",4,0.25,"Temperature: annual upper extreme",1
"Leiocephalus endomychus","Reptiles","Squamata","Tropiduridae","Critically Endangered",4,0.25,"Temperature: annual upper extreme",1
"Lemniscomys mittendorfi","Mammals","Rodentia","Muridae","Least Concern",4,0.25,"Temperature: annual upper extreme",1
"Leontopithecus rosalia","Mammals","Primates","Callitrichidae","Endangered",4,0.25,"Precipitation: annual lower extreme",1
"Leopoldamys siporanus","Mammals","Rodentia","Muridae","Vulnerable",4,0.25,"Temperature: annual upper extreme",1
"Lepidodactylus vanuatuensis","Reptiles","Squamata","Gekkonidae","Least Concern",4,0.25,"Temperature: annual upper extreme",1
"Lepidophyma lipetzi","Reptiles","Squamata","Xantusiidae","Endangered",4,0.25,"Temperature: annual upper extreme",1
"Lepilemur leucopus","Mammals","Primates","Lepilemuridae","Endangered",8,0.25,"Temperature: seasonal max upper extreme",2
"Lepilemur sahamalaza","Mammals","Primates","Lepilemuridae","Critically Endangered",4,0.25,"Temperature: annual upper extreme",1
"Leporillus conditor","Mammals","Rodentia","Muridae","Near Threatened",4,0.25,"Temperature: annual upper extreme",1
"Leptobrachella maoershanensis","Amphibians","Anura","Megophryidae","Near Threatened",4,0.25,"Temperature: annual upper extreme",1
"Leptobrachella marmorata","Amphibians","Anura","Megophryidae","Endangered",4,0.25,"Temperature: seasonal max upper extreme",1
"Leptobrachella namdongensis","Amphibians","Anura","Megophryidae","Endangered",8,0.25,"Precipitation: seasonal max upper extreme",2
"Leptobrachella tamdil","Amphibians","Anura","Megophryidae","Data Deficient",4,0.25,"Temperature: annual upper extreme",1
"Leptodactylus silvanimbus","Amphibians","Anura","Leptodactylidae","Critically Endangered",4,0.25,"Temperature: annual upper extreme",1
"Leptopelis anebos","Amphibians","Anura","Arthroleptidae","Endangered",4,0.25,"Temperature: annual upper extreme",1
"Lerista ameles","Reptiles","Squamata","Scincidae","Endangered",8,0.25,"Precipitation: annual upper extreme",2
"Lerista haroldi","Reptiles","Squamata","Scincidae","Endangered",8,0.25,"Temperature: annual upper extreme",2
"Lerista stictopleura","Reptiles","Squamata","Scincidae","Least Concern",8,0.25,"Temperature: annual upper extreme",2
"Liolaemus cyaneinotatus","Reptiles","Squamata","Liolaemidae","Data Deficient",4,0.25,"Temperature: seasonal max upper extreme",1
"Liolaemus moradoensis","Reptiles","Squamata","Liolaemidae","Least Concern",4,0.25,"Temperature: annual upper extreme",1
"Liotyphlops argaleus","Reptiles","Squamata","Anomalepididae","Data Deficient",4,0.25,"Precipitation: seasonal max upper extreme",1
"Lipaugus conditus","Birds","Passeriformes","Cotingidae","Vulnerable",4,0.25,"Precipitation: annual lower extreme",1
"Lipinia nitens","Reptiles","Squamata","Scincidae","Data Deficient",4,0.25,"Temperature: seasonal max upper extreme",1
"Litoria robinsonae","Amphibians","Anura","Pelodryadidae","Least Concern",4,0.25,"Temperature: annual upper extreme",1
"Litoria spinifera","Amphibians","Anura","Pelodryadidae","Least Concern",8,0.25,"Temperature: annual upper extreme",2
"Lophuromys dieterleni","Mammals","Rodentia","Muridae","Endangered",4,0.25,"Temperature: annual upper extreme",1
"Loveridgea phylofiniens","Reptiles","Squamata","Amphisbaenidae","Data Deficient",4,0.25,"Temperature: annual upper extreme",1
"Lycodon philippinus","Reptiles","Squamata","Colubridae","Data Deficient",4,0.25,"Precipitation: annual upper extreme",1
"Lygodactylus broadleyi","Reptiles","Squamata","Gekkonidae","Least Concern",4,0.25,"Temperature: seasonal max upper extreme",1
"Lygodactylus intermedius","Reptiles","Squamata","Gekkonidae","Endangered",4,0.25,"Temperature: annual upper extreme",1
"Lygodactylus pauliani","Reptiles","Squamata","Gekkonidae","Data Deficient",4,0.25,"Temperature: annual upper extreme",1
"Macaca siberu","Mammals","Primates","Cercopithecidae","Endangered",4,0.25,"Temperature: annual upper extreme",1
"Madatyphlops reuteri","Reptiles","Squamata","Typhlopidae","Data Deficient",4,0.25,"Temperature: annual upper extreme",1
"Madecassophryne truebae","Amphibians","Anura","Microhylidae","Endangered",8,0.25,"Temperature: annual upper extreme",2
"Magliophis exiguus","Reptiles","Squamata","Dipsadidae","Least Concern",4,0.25,"Temperature: annual upper extreme",1
"Malayotyphlops canlaonensis","Reptiles","Squamata","Typhlopidae","Data Deficient",4,0.25,"Precipitation: annual upper extreme",1
"Mantella manery","Amphibians","Anura","Mantellidae","Vulnerable",4,0.25,"Temperature: annual upper extreme",1
"Mantidactylus zolitschka","Amphibians","Anura","Mantellidae","Critically Endangered",4,0.25,"Temperature: annual upper extreme",1
"Maxomys pagensis","Mammals","Rodentia","Muridae","Vulnerable",4,0.25,"Temperature: annual upper extreme",1
"Megapodius layardi","Birds","Galliformes","Megapodiidae","Vulnerable",4,0.25,"Temperature: annual upper extreme",1
"Megophrys awuh","Amphibians","Anura","Megophryidae","Vulnerable",4,0.25,"Temperature: annual upper extreme",1
"Megophrys caudoprocta","Amphibians","Anura","Megophryidae","Endangered",8,0.25,"Temperature: annual upper extreme",2
"Megophrys zunhebotoensis","Amphibians","Anura","Megophryidae","Endangered",4,0.25,"Temperature: annual upper extreme",1
"Melomys bougainville","Mammals","Rodentia","Muridae","Data Deficient",4,0.25,"Temperature: annual upper extreme",1
"Meristogenys dyscritus","Amphibians","Anura","Ranidae","Least Concern",4,0.25,"Precipitation: annual upper extreme",1
"Mesitornis variegatus","Birds","Mesitornithiformes","Mesitornithidae","Vulnerable",80,0.25,"Temperature: annual upper extreme",20
"Mesomycterus spilostichus","Reptiles",NA,"Scincidae","Not assessed",4,0.25,"Temperature: annual upper extreme",1
"Metaphryniscus sosai","Amphibians","Anura","Bufonidae","Near Threatened",4,0.25,"Temperature: annual upper extreme",1
"Microcebus sambiranensis","Mammals","Primates","Cheirogaleidae","Endangered",4,0.25,"Temperature: annual upper extreme",1
"Microgale monticola","Mammals","Afrosoricida","Tenrecidae","Vulnerable",4,0.25,"Temperature: annual upper extreme",1
"Microkayla iatamasi","Amphibians","Anura","Strabomantidae","Vulnerable",4,0.25,"Temperature: annual upper extreme",1
"Microtus irani","Mammals","Rodentia","Cricetidae","Vulnerable",8,0.25,"Temperature: annual upper extreme",2
"Micrurus stuarti","Reptiles","Squamata","Elapidae","Least Concern",4,0.25,"Temperature: annual upper extreme",1
"Mixophyes coggeri","Amphibians","Anura","Myobatrachidae","Least Concern",28,0.25,"Precipitation: seasonal max upper extreme",7
"Mogera etigo","Mammals","Eulipotyphla","Talpidae","Endangered",4,0.25,"Temperature: seasonal max upper extreme",1
"Mus vulcani","Mammals","Rodentia","Muridae","Least Concern",4,0.25,"Precipitation: seasonal max upper extreme",1
"Myersiohyla chamaeleo","Amphibians","Anura","Hylidae","Near Threatened",4,0.25,"Temperature: annual upper extreme",1
"Myosorex kabogoensis","Mammals","Eulipotyphla","Soricidae","Data Deficient",4,0.25,"Temperature: annual upper extreme",1
"Myron karnsi","Reptiles","Squamata","Homalopsidae","Data Deficient",4,0.25,"Temperature: seasonal max upper extreme",1
"Myzomela cardinalis","Birds","Passeriformes","Meliphagidae","Least Concern",8,0.25,"Temperature: annual upper extreme",2
"Myzomela malaitae","Birds","Passeriformes","Meliphagidae","Near Threatened",4,0.25,"Temperature: annual upper extreme",1
"Nanorana rarica","Amphibians","Anura","Dicroglossidae","Data Deficient",4,0.25,"Temperature: annual upper extreme",1
"Neolalage banksiana","Birds","Passeriformes","Monarchidae","Least Concern",4,0.25,"Temperature: annual upper extreme",1
"Neotoma nelsoni","Mammals","Rodentia","Cricetidae","Critically Endangered",4,0.25,"Temperature: annual upper extreme",1
"Niceforonia fallaciosa","Amphibians","Anura","Strabomantidae","Data Deficient",4,0.25,"Temperature: annual upper extreme",1
"Ninox malaitae","Birds","Strigiformes","Strigidae","Vulnerable",4,0.25,"Temperature: annual upper extreme",1
"Nototriton saslaya","Amphibians","Caudata","Plethodontidae","Critically Endangered",4,0.25,"Temperature: annual upper extreme",1
"Nyctimystes daymani","Amphibians","Anura","Pelodryadidae","Least Concern",4,0.25,"Temperature: annual upper extreme",1
"Nymphargus caucanus","Amphibians","Anura","Centrolenidae","Endangered",4,0.25,"Temperature: annual upper extreme",1
"Nymphargus luteopunctatus","Amphibians","Anura","Centrolenidae","Endangered",4,0.25,"Temperature: annual upper extreme",1
"Oedipina stenopodia","Amphibians","Caudata","Plethodontidae","Endangered",4,0.25,"Temperature: annual upper extreme",1
"Oedipina taylori","Amphibians","Caudata","Plethodontidae","Endangered",4,0.25,"Temperature: annual upper extreme",1
"Oligodon petronellae","Reptiles","Squamata","Colubridae","Data Deficient",4,0.25,"Temperature: annual upper extreme",1
"Ololygon ariadne","Amphibians","Anura","Hylidae","Least Concern",4,0.25,"Precipitation: annual lower extreme",1
"Ophisaurus incomptus","Reptiles","Squamata","Anguidae","Not assessed",4,0.25,"Temperature: annual upper extreme",1
"Oreobates pereger","Amphibians","Anura","Strabomantidae","Endangered",4,0.25,"Temperature: seasonal max upper extreme",1
"Oreolalax nanjiangensis","Amphibians","Anura","Megophryidae","Vulnerable",4,0.25,"Temperature: annual upper extreme",1
"Oriolus finschi","Birds","Passeriformes","Oriolidae","Least Concern",4,0.25,"Temperature: seasonal max upper extreme",1
"Oriolus isabellae","Birds","Passeriformes","Oriolidae","Critically Endangered",8,0.25,"Precipitation: annual upper extreme",2
"Orthogeomys cuniculus","Mammals","Rodentia","Geomyidae","Data Deficient",4,0.25,"Temperature: annual upper extreme",1
"Osteopilus marianae","Amphibians","Anura","Hylidae","Endangered",8,0.25,"Temperature: annual upper extreme",2
"Osteopilus wilderi","Amphibians","Anura","Hylidae","Vulnerable",12,0.25,"Temperature: annual upper extreme",3
"Otomys dartmouthi","Mammals","Rodentia","Muridae","Data Deficient",4,0.25,"Temperature: seasonal max upper extreme",1
"Otus alfredi","Birds","Strigiformes","Strigidae","Endangered",4,0.25,"Precipitation: annual upper extreme",1
"Otus mentawi","Birds","Strigiformes","Strigidae","Least Concern",4,0.25,"Temperature: annual upper extreme",1
"Paracontias tsararano","Reptiles","Squamata","Scincidae","Data Deficient",4,0.25,"Temperature: annual upper extreme",1
"Paramesotriton qixilingensis","Amphibians","Caudata","Salamandridae","Vulnerable",4,0.25,"Temperature: annual upper extreme",1
"Parvoscincus palawanensis","Reptiles","Squamata","Scincidae","Vulnerable",4,0.25,"Precipitation: annual upper extreme",1
"Parvoscincus tagapayo","Reptiles","Squamata","Scincidae","Near Threatened",8,0.25,"Precipitation: annual upper extreme",2
"Patagioenas caribaea","Birds","Columbiformes","Columbidae","Vulnerable",12,0.25,"Temperature: annual upper extreme",3
"Petinomys lugens","Mammals","Rodentia","Sciuridae","Vulnerable",4,0.25,"Temperature: annual upper extreme",1
"Phaenicophaeus oeneicaudus","Birds","Cuculiformes","Cuculidae","Least Concern",4,0.25,"Temperature: annual upper extreme",1
"Phelsuma dorsivittata","Reptiles","Squamata","Gekkonidae","Near Threatened",4,0.25,"Temperature: annual upper extreme",1
"Philautus acutus","Amphibians","Anura","Rhacophoridae","Least Concern",4,0.25,"Temperature: annual upper extreme",1
"Philautus kerangae","Amphibians","Anura","Rhacophoridae","Vulnerable",4,0.25,"Precipitation: seasonal max upper extreme",1
"Phrynobatrachus giorgii","Amphibians","Anura","Phrynobatrachidae","Data Deficient",8,0.25,"Temperature: annual upper extreme",2
"Phyllodactylus leoni","Reptiles","Squamata","Phyllodactylidae","Vulnerable",4,0.25,"Temperature: seasonal max upper extreme",1
"Phyllodactylus wirshingi","Reptiles","Squamata","Phyllodactylidae","Near Threatened",4,0.25,"Temperature: annual upper extreme",1
"Phylloscopus canariensis","Birds","Passeriformes","Phylloscopidae","Least Concern",4,0.25,"Temperature: annual upper extreme",1
"Phymaturus antofagastensis","Reptiles","Squamata","Liolaemidae","Least Concern",4,0.25,"Temperature: annual upper extreme",1
"Platypelis mavomavo","Amphibians","Anura","Microhylidae","Not assessed",4,0.25,"Temperature: annual upper extreme",1
"Platypelis olgae","Amphibians","Anura","Microhylidae","Not assessed",4,0.25,"Temperature: seasonal max upper extreme",1
"Platypelis ravus","Amphibians","Anura","Microhylidae","Not assessed",4,0.25,"Temperature: annual upper extreme",1
"Plectrohyla calvata","Amphibians","Anura","Hylidae","Critically Endangered",4,0.25,"Temperature: annual upper extreme",1
"Plestiodon colimensis","Reptiles","Squamata","Scincidae","Data Deficient",4,0.25,"Temperature: annual upper extreme",1
"Presbytis siberu","Mammals","Primates","Cercopithecidae","Endangered",4,0.25,"Temperature: annual upper extreme",1
"Pristimantis acerus","Amphibians","Anura","Strabomantidae","Endangered",4,0.25,"Precipitation: annual upper extreme",1
"Pristimantis bellator","Amphibians","Anura","Strabomantidae","Least Concern",8,0.25,"Temperature: seasonal max upper extreme",2
"Pristimantis capitonis","Amphibians","Anura","Strabomantidae","Endangered",4,0.25,"Precipitation: annual upper extreme",1
"Pristimantis diogenes","Amphibians","Anura","Strabomantidae","Critically Endangered",4,0.25,"Precipitation: annual upper extreme",1
"Pristimantis guaiquinimensis","Amphibians","Anura","Strabomantidae","Near Threatened",4,0.25,"Precipitation: seasonal max upper extreme",1
"Pristimantis infraguttatus","Amphibians","Anura","Strabomantidae","Data Deficient",4,0.25,"Precipitation: annual upper extreme",1
"Pristimantis jaimei","Amphibians","Anura","Strabomantidae","Critically Endangered",4,0.25,"Precipitation: annual upper extreme",1
"Pristimantis percultus","Amphibians","Anura","Strabomantidae","Endangered",4,0.25,"Temperature: annual upper extreme",1
"Pristimantis tinajillas","Amphibians","Anura","Strabomantidae","Vulnerable",4,0.25,"Temperature: annual upper extreme",1
"Proctoporus kiziriani","Reptiles","Squamata","Gymnophthalmidae","Least Concern",4,0.25,"Temperature: annual upper extreme",1
"Propithecus tattersalli","Mammals","Primates","Indriidae","Critically Endangered",4,0.25,"Temperature: annual upper extreme",1
"Prosciurillus weberi","Mammals","Rodentia","Sciuridae","Endangered",4,0.25,"Temperature: annual upper extreme",1
"Protobothrops maolanensis","Reptiles","Squamata","Viperidae","Data Deficient",4,0.25,"Temperature: annual upper extreme",1
"Pseudocalotes saravacensis","Reptiles","Squamata","Agamidae","Data Deficient",4,0.25,"Temperature: seasonal max upper extreme",1
"Pseudoeurycea longicauda","Amphibians","Caudata","Plethodontidae","Endangered",4,0.25,"Temperature: annual upper extreme",1
"Pseudoeurycea mystax","Amphibians","Caudata","Plethodontidae","Endangered",4,0.25,"Temperature: annual upper extreme",1
"Pseudoeurycea orchimelas","Amphibians","Caudata","Plethodontidae","Endangered",4,0.25,"Temperature: annual upper extreme",1
"Pseudogekko sumiklab","Reptiles","Squamata","Gekkonidae","Endangered",4,0.25,"Precipitation: annual upper extreme",1
"Pseudogonatodes barbouri","Reptiles","Squamata","Sphaerodactylidae","Near Threatened",4,0.25,"Precipitation: annual upper extreme",1
"Pseudogonatodes peruvianus","Reptiles","Squamata","Sphaerodactylidae","Near Threatened",4,0.25,"Temperature: annual upper extreme",1
"Psittirostra psittacea","Birds","Passeriformes","Fringillidae","Critically Endangered",4,0.25,"Temperature: annual upper extreme",1
"Pterodroma hasitata","Birds","Procellariiformes","Procellariidae","Endangered",4,0.25,"Temperature: annual upper extreme",1
"Pteropus anetianus","Mammals","Chiroptera","Pteropodidae","Vulnerable",4,0.25,"Temperature: annual upper extreme",1
"Pteropus niger","Mammals","Chiroptera","Pteropodidae","Endangered",4,0.25,"Temperature: annual upper extreme",1
"Pteropus woodfordi","Mammals","Chiroptera","Pteropodidae","Least Concern",12,0.25,"Temperature: annual upper extreme",3
"Ptilinopus tannensis","Birds","Columbiformes","Columbidae","Least Concern",4,0.25,"Temperature: annual upper extreme",1
"Rana culaiensis","Amphibians","Anura","Ranidae","Data Deficient",4,0.25,"Temperature: annual upper extreme",1
"Rattus baluensis","Mammals","Rodentia","Muridae","Least Concern",4,0.25,"Precipitation: annual upper extreme",1
"Rattus lugens","Mammals","Rodentia","Muridae","Vulnerable",4,0.25,"Temperature: annual upper extreme",1
"Rhadinaea macdougalli","Reptiles","Squamata","Dipsadidae","Data Deficient",4,0.25,"Temperature: annual upper extreme",1
"Rhinophis blythii","Reptiles","Squamata","Uropeltidae","Endangered",4,0.25,"Temperature: annual upper extreme",1
"Rhipidura coultasi","Birds","Passeriformes","Rhipiduridae","Near Threatened",4,0.25,"Temperature: annual upper extreme",1
"Rhipidura spilodera","Birds","Passeriformes","Rhipiduridae","Least Concern",4,0.25,"Temperature: annual upper extreme",1
"Rhogeessa genowaysi","Mammals","Chiroptera","Vespertilionidae","Endangered",4,0.25,"Temperature: annual upper extreme",1
"Rhombophryne longicrus","Amphibians","Anura","Microhylidae","Endangered",4,0.25,"Temperature: annual upper extreme",1
"Rhombophryne minuta","Amphibians","Anura","Microhylidae","Endangered",4,0.25,"Temperature: annual upper extreme",1
"Rhombophryne savaka","Amphibians","Anura","Microhylidae","Endangered",4,0.25,"Temperature: annual upper extreme",1
"Rhombophryne serratopalpebrosa","Amphibians","Anura","Microhylidae","Endangered",4,0.25,"Temperature: annual upper extreme",1
"Rhombophryne vaventy","Amphibians","Anura","Microhylidae","Endangered",4,0.25,"Temperature: annual upper extreme",1
"Saphenophis sneiderni","Reptiles","Squamata","Dipsadidae","Endangered",4,0.25,"Precipitation: annual upper extreme",1
"Saproscincus lewisi","Reptiles","Squamata","Scincidae","Least Concern",4,0.25,"Temperature: annual upper extreme",1
"Saproscincus tetradactylus","Reptiles","Squamata","Scincidae","Least Concern",28,0.25,"Precipitation: seasonal max upper extreme",7
"Sarcohyla celata","Amphibians","Anura","Hylidae","Near Threatened",4,0.25,"Temperature: annual upper extreme",1
"Sarcohyla cembra","Amphibians","Anura","Hylidae","Endangered",4,0.25,"Temperature: annual upper extreme",1
"Saurodactylus splendidus","Reptiles","Squamata","Sphaerodactylidae","Not assessed",4,0.25,"Temperature: seasonal max upper extreme",1
"Sceloporus halli","Reptiles","Squamata","Phrynosomatidae","Data Deficient",4,0.25,"Temperature: annual upper extreme",1
"Sceloporus tanneri","Reptiles","Squamata","Phrynosomatidae","Data Deficient",4,0.25,"Temperature: annual upper extreme",1
"Serranobatrachus cristinae","Amphibians","Anura","Strabomantidae","Not assessed",4,0.25,"Temperature: annual upper extreme",1
"Serranobatrachus ruthveni","Amphibians","Anura","Strabomantidae","Not assessed",4,0.25,"Temperature: annual upper extreme",1
"Sigalegalephrynus minangkabauensis","Amphibians","Anura","Bufonidae","Data Deficient",4,0.25,"Temperature: annual upper extreme",1
"Simias concolor","Mammals","Primates","Cercopithecidae","Critically Endangered",4,0.25,"Temperature: annual upper extreme",1
"Siphonorhis americana","Birds","Caprimulgiformes","Caprimulgidae","Critically Endangered",4,0.25,"Temperature: annual upper extreme",1
"Sphaerodactylus clenchi","Reptiles","Squamata","Sphaerodactylidae","Near Threatened",8,0.25,"Temperature: annual upper extreme",2
"Sphaerodactylus cricoderus","Reptiles","Squamata","Sphaerodactylidae","Data Deficient",4,0.25,"Temperature: annual upper extreme",1
"Sphaerodactylus pimienta","Reptiles","Squamata","Sphaerodactylidae","Endangered",4,0.25,"Temperature: annual upper extreme",1
"Sphenomorphus bignelli","Reptiles","Squamata","Scincidae","Least Concern",12,0.25,"Temperature: annual upper extreme",3
"Sphenomorphus modiglianii","Reptiles","Squamata","Scincidae","Endangered",4,0.25,"Temperature: annual upper extreme",1
"Sphenomorphus orientalis","Reptiles","Squamata","Scincidae","Least Concern",4,0.25,"Precipitation: seasonal min lower extreme",1
"Sphenomorphus schlegeli","Reptiles","Squamata","Scincidae","Least Concern",4,0.25,"Precipitation: seasonal max upper extreme",1
"Sphenomorphus tritaeniatus","Reptiles","Squamata","Scincidae","Near Threatened",4,0.25,"Precipitation: seasonal min lower extreme",1
"Spinomantis brunae","Amphibians","Anura","Mantellidae","Endangered",4,0.25,"Temperature: annual upper extreme",1
"Spinomantis microtis","Amphibians","Anura","Mantellidae","Endangered",8,0.25,"Temperature: annual upper extreme",2
"Stefania neblinae","Amphibians","Anura","Hemiphractidae","Least Concern",4,0.25,"Temperature: annual upper extreme",1
"Stenocercus arndti","Reptiles","Squamata","Tropiduridae","Endangered",4,0.25,"Temperature: seasonal max upper extreme",1
"Sternula lorata","Birds","Charadriiformes","Laridae","Endangered",4,0.25,"Precipitation: seasonal min lower extreme",1
"Stumpffia iharana","Amphibians","Anura","Microhylidae","Not assessed",4,0.25,"Temperature: annual upper extreme",1
"Stumpffia roseifemoralis","Amphibians","Anura","Microhylidae","Endangered",4,0.25,"Temperature: annual upper extreme",1
"Sundasciurus fraterculus","Mammals","Rodentia","Sciuridae","Vulnerable",4,0.25,"Temperature: annual upper extreme",1
"Sundasciurus juvencus","Mammals","Rodentia","Sciuridae","Least Concern",8,0.25,"Precipitation: annual upper extreme",2
"Sylvisorex pluvialis","Mammals","Eulipotyphla","Soricidae","Data Deficient",4,0.25,"Precipitation: annual lower extreme",1
"Symposiachrus malaitae","Birds","Passeriformes","Monarchidae","Near Threatened",4,0.25,"Temperature: annual upper extreme",1
"Synallaxis courseni","Birds","Passeriformes","Furnariidae","Vulnerable",4,0.25,"Temperature: annual upper extreme",1
"Tantilla coronadoi","Reptiles","Squamata","Colubridae","Least Concern",4,0.25,"Temperature: annual upper extreme",1
"Tantilla johnsoni","Reptiles","Squamata","Colubridae","Data Deficient",4,0.25,"Temperature: annual upper extreme",1
"Tantilla oaxacae","Reptiles","Squamata","Colubridae","Data Deficient",4,0.25,"Temperature: annual upper extreme",1
"Tantilla robusta","Reptiles","Squamata","Colubridae","Data Deficient",4,0.25,"Temperature: annual upper extreme",1
"Taudactylus liemi","Amphibians","Anura","Myobatrachidae","Least Concern",4,0.25,"Precipitation: annual upper extreme",1
"Tepuihyla luteolabris","Amphibians","Anura","Hylidae","Vulnerable",4,0.25,"Temperature: annual upper extreme",1
"Terpsiphone bourbonnensis","Birds","Passeriformes","Monarchidae","Least Concern",4,0.25,"Temperature: annual upper extreme",1
"Thamnophis foxi","Reptiles","Squamata","Colubridae","Not assessed",4,0.25,"Temperature: annual upper extreme",1
"Thorius boreas","Amphibians","Caudata","Plethodontidae","Endangered",4,0.25,"Temperature: annual upper extreme",1
"Thorius narisovalis","Amphibians","Caudata","Plethodontidae","Endangered",4,0.25,"Temperature: annual upper extreme",1
"Thylogale calabyi","Mammals","Diprotodontia","Macropodidae","Endangered",4,0.25,"Precipitation: annual upper extreme",1
"Todiramphus farquhari","Birds","Coraciiformes","Alcedinidae","Near Threatened",4,0.25,"Temperature: annual upper extreme",1
"Trachylepis mekuana","Reptiles","Squamata","Scincidae","Endangered",4,0.25,"Temperature: annual upper extreme",1
"Tragelaphus buxtoni","Mammals","Artiodactyla","Bovidae","Endangered",28,0.25,"Precipitation: seasonal min lower extreme",7
"Trimeresurus brongersmai","Reptiles","Squamata","Viperidae","Near Threatened",4,0.25,"Temperature: annual upper extreme",1
"Trioceros wiedersheimi","Reptiles","Squamata","Chamaeleonidae","Data Deficient",4,0.25,"Temperature: annual upper extreme",1
"Tropidophis stejnegeri","Reptiles","Squamata","Tropidophiidae","Near Threatened",12,0.25,"Temperature: annual upper extreme",3
"Tropidurus xanthochilus","Reptiles","Squamata","Tropiduridae","Vulnerable",4,0.25,"Temperature: annual upper extreme",1
"Tupaia chrysogaster","Mammals","Scandentia","Tupaiidae","Vulnerable",4,0.25,"Temperature: annual upper extreme",1
"Typhlops rostellatus","Reptiles","Squamata","Typhlopidae","Least Concern",8,0.25,"Temperature: annual upper extreme",2
"Uromys hadrourus","Mammals","Rodentia","Muridae","Near Threatened",4,0.25,"Temperature: annual upper extreme",1
"Voalavo gymnocaudus","Mammals","Rodentia","Nesomyidae","Least Concern",4,0.25,"Temperature: annual upper extreme",1
"Werneria tandyi","Amphibians","Anura","Bufonidae","Critically Endangered",4,0.25,"Temperature: annual upper extreme",1
"Wetmorena haetiana","Reptiles","Squamata","Diploglossidae","Not assessed",4,0.25,"Temperature: annual upper extreme",1
"Xantusia sanchezi","Reptiles","Squamata","Xantusiidae","Least Concern",8,0.25,"Temperature: annual upper extreme",2
"Xenopus itombwensis","Amphibians","Anura","Pipidae","Endangered",4,0.25,"Temperature: annual upper extreme",1
"Xenorhina anorbis","Amphibians","Anura","Microhylidae","Data Deficient",4,0.25,"Precipitation: annual upper extreme",1
"Xenorhina schiefenhoeveli","Amphibians","Anura","Microhylidae","Least Concern",4,0.25,"Precipitation: annual upper extreme",1
"Xenosaurus penai","Reptiles","Squamata","Xenosauridae","Least Concern",4,0.25,"Temperature: annual upper extreme",1
"Xerotyphlops wilsoni","Reptiles","Squamata","Typhlopidae","Data Deficient",4,0.25,"Temperature: annual upper extreme",1
"Zonosaurus anelanelany","Reptiles","Squamata","Gerrhosauridae","Vulnerable",12,0.25,"Temperature: seasonal max upper extreme",3
"Zosterops flavifrons","Birds","Passeriformes","Zosteropidae","Least Concern",4,0.25,"Temperature: annual upper extreme",1
"Zosterops stresemanni","Birds","Passeriformes","Zosteropidae","Least Concern",4,0.25,"Temperature: annual upper extreme",1
